ID,Req. Timestamp,Resp. Timestamp,Method,URL,Code,Reason,RTT,Size Resp. Header,Size Resp. Body
169,Thu Apr 03 07:25:06 IST 2025,Thu Apr 03 07:25:06 IST 2025,GET,http://localhost:3000/1668614492688666844,200,OK,34,469,71432
170,Thu Apr 03 07:25:06 IST 2025,Thu Apr 03 07:25:06 IST 2025,GET,http://localhost:3000/8243366327411143854,200,OK,32,469,71432
172,Thu Apr 03 07:25:06 IST 2025,Thu Apr 03 07:25:06 IST 2025,GET,http://localhost:3000/assets/6567926334039457122,200,OK,15,469,71432
173,Thu Apr 03 07:25:06 IST 2025,Thu Apr 03 07:25:06 IST 2025,GET,http://localhost:3000/assets/4654028125534001181,200,OK,18,469,71432
175,Thu Apr 03 07:25:06 IST 2025,Thu Apr 03 07:25:06 IST 2025,GET,http://localhost:3000/assets/public/7596142937144310134,200,OK,19,469,71432
176,Thu Apr 03 07:25:06 IST 2025,Thu Apr 03 07:25:06 IST 2025,GET,http://localhost:3000/assets/public/7250939084426433273,200,OK,14,469,71432
178,Thu Apr 03 07:25:06 IST 2025,Thu Apr 03 07:25:06 IST 2025,GET,http://localhost:3000/ftp/7121198387197332105,403,Forbidden,2,344,1937
180,Thu Apr 03 07:25:06 IST 2025,Thu Apr 03 07:25:06 IST 2025,GET,http://localhost:3000/ftp/quarantine/5974996766801587556,404,Not Found,6,344,1074
182,Thu Apr 03 07:25:06 IST 2025,Thu Apr 03 07:25:06 IST 2025,GET,http://localhost:3000/juice-shop/8678250093272702276,200,OK,27,469,71432
183,Thu Apr 03 07:25:06 IST 2025,Thu Apr 03 07:25:06 IST 2025,GET,http://localhost:3000/juice-shop/7807025768178559943,200,OK,13,469,71432
185,Thu Apr 03 07:25:06 IST 2025,Thu Apr 03 07:25:06 IST 2025,GET,http://localhost:3000/juice-shop/build/761382980795320355,200,OK,12,469,71432
186,Thu Apr 03 07:25:06 IST 2025,Thu Apr 03 07:25:06 IST 2025,GET,http://localhost:3000/juice-shop/build/1309427664086695135,200,OK,14,469,71432
188,Thu Apr 03 07:25:06 IST 2025,Thu Apr 03 07:25:06 IST 2025,GET,http://localhost:3000/juice-shop/build/routes/3593850643618022958,200,OK,12,469,71432
189,Thu Apr 03 07:25:06 IST 2025,Thu Apr 03 07:25:06 IST 2025,GET,http://localhost:3000/juice-shop/build/routes/5408587497619087609,200,OK,24,469,71432
191,Thu Apr 03 07:25:06 IST 2025,Thu Apr 03 07:25:06 IST 2025,GET,http://localhost:3000/juice-shop/build/routes/assets/1718171428426100882,200,OK,20,469,71432
192,Thu Apr 03 07:25:06 IST 2025,Thu Apr 03 07:25:06 IST 2025,GET,http://localhost:3000/juice-shop/build/routes/assets/5375797511528663513,200,OK,15,469,71432
194,Thu Apr 03 07:25:06 IST 2025,Thu Apr 03 07:25:06 IST 2025,GET,http://localhost:3000/juice-shop/build/routes/assets/public/5057426733355915016,200,OK,16,469,71432
195,Thu Apr 03 07:25:06 IST 2025,Thu Apr 03 07:25:06 IST 2025,GET,http://localhost:3000/juice-shop/build/routes/assets/public/4389438159003805585,200,OK,14,469,71432
197,Thu Apr 03 07:25:06 IST 2025,Thu Apr 03 07:25:06 IST 2025,GET,http://localhost:3000/juice-shop/build/routes/assets/public/assets/8571981940479923048,200,OK,22,469,71432
198,Thu Apr 03 07:25:06 IST 2025,Thu Apr 03 07:25:06 IST 2025,GET,http://localhost:3000/juice-shop/build/routes/assets/public/assets/791998208082560634,200,OK,18,469,71432
200,Thu Apr 03 07:25:06 IST 2025,Thu Apr 03 07:25:06 IST 2025,GET,http://localhost:3000/juice-shop/build/routes/assets/public/assets/public/4312912763410225805,200,OK,17,469,71432
201,Thu Apr 03 07:25:06 IST 2025,Thu Apr 03 07:25:06 IST 2025,GET,http://localhost:3000/juice-shop/build/routes/assets/public/assets/public/8647827937570537870,200,OK,15,469,71432
203,Thu Apr 03 07:25:06 IST 2025,Thu Apr 03 07:25:06 IST 2025,GET,http://localhost:3000/juice-shop/node_modules/6354538603368367068,200,OK,15,469,71432
204,Thu Apr 03 07:25:06 IST 2025,Thu Apr 03 07:25:06 IST 2025,GET,http://localhost:3000/juice-shop/node_modules/4245036414443920046,200,OK,31,469,71432
206,Thu Apr 03 07:25:07 IST 2025,Thu Apr 03 07:25:07 IST 2025,GET,http://localhost:3000/juice-shop/node_modules/express/5690033687454030684,200,OK,16,469,71432
207,Thu Apr 03 07:25:07 IST 2025,Thu Apr 03 07:25:07 IST 2025,GET,http://localhost:3000/juice-shop/node_modules/express/896828082609050245,200,OK,12,469,71432
209,Thu Apr 03 07:25:07 IST 2025,Thu Apr 03 07:25:07 IST 2025,GET,http://localhost:3000/juice-shop/node_modules/express/lib/5805579015014564784,200,OK,19,469,71432
210,Thu Apr 03 07:25:07 IST 2025,Thu Apr 03 07:25:07 IST 2025,GET,http://localhost:3000/juice-shop/node_modules/express/lib/8537411519477977764,200,OK,19,469,71432
212,Thu Apr 03 07:25:07 IST 2025,Thu Apr 03 07:25:07 IST 2025,GET,http://localhost:3000/juice-shop/node_modules/express/lib/router/2322542567740586053,200,OK,20,469,71432
213,Thu Apr 03 07:25:07 IST 2025,Thu Apr 03 07:25:07 IST 2025,GET,http://localhost:3000/juice-shop/node_modules/express/lib/router/4367427692220099568,200,OK,16,469,71432
215,Thu Apr 03 07:25:07 IST 2025,Thu Apr 03 07:25:07 IST 2025,GET,http://localhost:3000/juice-shop/node_modules/express/lib/router/assets/8171865637431366114,200,OK,22,469,71432
216,Thu Apr 03 07:25:07 IST 2025,Thu Apr 03 07:25:07 IST 2025,GET,http://localhost:3000/juice-shop/node_modules/express/lib/router/assets/6640007838708065546,200,OK,16,469,71432
218,Thu Apr 03 07:25:07 IST 2025,Thu Apr 03 07:25:07 IST 2025,GET,http://localhost:3000/juice-shop/node_modules/express/lib/router/assets/public/2776413362725535341,200,OK,19,469,71432
219,Thu Apr 03 07:25:07 IST 2025,Thu Apr 03 07:25:07 IST 2025,GET,http://localhost:3000/juice-shop/node_modules/express/lib/router/assets/public/1960308294976391920,200,OK,20,469,71432
221,Thu Apr 03 07:25:07 IST 2025,Thu Apr 03 07:25:07 IST 2025,GET,http://localhost:3000/juice-shop/node_modules/express/lib/router/assets/public/assets/2550783902647447811,200,OK,17,469,71432
222,Thu Apr 03 07:25:07 IST 2025,Thu Apr 03 07:25:07 IST 2025,GET,http://localhost:3000/juice-shop/node_modules/express/lib/router/assets/public/assets/4021045023307387687,200,OK,15,469,71432
224,Thu Apr 03 07:25:07 IST 2025,Thu Apr 03 07:25:07 IST 2025,GET,http://localhost:3000/juice-shop/node_modules/express/lib/router/assets/public/assets/public/4316996768308043831,200,OK,18,469,71432
225,Thu Apr 03 07:25:07 IST 2025,Thu Apr 03 07:25:07 IST 2025,GET,http://localhost:3000/juice-shop/node_modules/express/lib/router/assets/public/assets/public/4311866398015087094,200,OK,15,469,71432
227,Thu Apr 03 07:25:07 IST 2025,Thu Apr 03 07:25:07 IST 2025,GET,http://localhost:3000/juice-shop/node_modules/serve-index/9216442850906260783,200,OK,22,469,71432
228,Thu Apr 03 07:25:07 IST 2025,Thu Apr 03 07:25:07 IST 2025,GET,http://localhost:3000/juice-shop/node_modules/serve-index/5893460108260170025,200,OK,12,469,71432
230,Thu Apr 03 07:25:07 IST 2025,Thu Apr 03 07:25:07 IST 2025,GET,http://localhost:3000/juice-shop/node_modules/serve-index/assets/237407566410679897,200,OK,9,469,71432
231,Thu Apr 03 07:25:07 IST 2025,Thu Apr 03 07:25:07 IST 2025,GET,http://localhost:3000/juice-shop/node_modules/serve-index/assets/2063404550454268262,200,OK,12,469,71432
233,Thu Apr 03 07:25:07 IST 2025,Thu Apr 03 07:25:07 IST 2025,GET,http://localhost:3000/juice-shop/node_modules/serve-index/assets/public/7927024395211780627,200,OK,11,469,71432
234,Thu Apr 03 07:25:07 IST 2025,Thu Apr 03 07:25:07 IST 2025,GET,http://localhost:3000/juice-shop/node_modules/serve-index/assets/public/6000345171447258901,200,OK,29,469,71432
236,Thu Apr 03 07:25:07 IST 2025,Thu Apr 03 07:25:07 IST 2025,GET,http://localhost:3000/juice-shop/node_modules/serve-index/assets/public/assets/8097089383515663142,200,OK,13,469,71432
237,Thu Apr 03 07:25:07 IST 2025,Thu Apr 03 07:25:07 IST 2025,GET,http://localhost:3000/juice-shop/node_modules/serve-index/assets/public/assets/3957072183101122183,200,OK,11,469,71432
239,Thu Apr 03 07:25:07 IST 2025,Thu Apr 03 07:25:07 IST 2025,GET,http://localhost:3000/juice-shop/node_modules/serve-index/assets/public/assets/public/8110426509463095343,200,OK,14,469,71432
240,Thu Apr 03 07:25:07 IST 2025,Thu Apr 03 07:25:07 IST 2025,GET,http://localhost:3000/juice-shop/node_modules/serve-index/assets/public/assets/public/1190068464385101425,200,OK,12,469,71432
242,Thu Apr 03 07:25:07 IST 2025,Thu Apr 03 07:25:07 IST 2025,GET,http://localhost:3000/WEB-INF/web.xml,200,OK,26,469,71432
243,Thu Apr 03 07:25:07 IST 2025,Thu Apr 03 07:25:07 IST 2025,GET,http://localhost:3000/WEB-INF/applicationContext.xml,200,OK,21,469,71432
244,Thu Apr 03 07:25:07 IST 2025,Thu Apr 03 07:25:07 IST 2025,GET,http://localhost:3000/WEB-INF/classes/favicon_js/ico.class,200,OK,13,469,71432
245,Thu Apr 03 07:25:07 IST 2025,Thu Apr 03 07:25:07 IST 2025,GET,http://localhost:3000/WEB-INF/classes/cdnjs/cloudflare/com.class,200,OK,12,469,71432
246,Thu Apr 03 07:25:07 IST 2025,Thu Apr 03 07:25:07 IST 2025,GET,http://localhost:3000/WEB-INF/classes/3/1/0.class,200,OK,14,469,71432
247,Thu Apr 03 07:25:07 IST 2025,Thu Apr 03 07:25:07 IST 2025,GET,http://localhost:3000/WEB-INF/classes/cookieconsent/min/css.class,200,OK,20,469,71432
248,Thu Apr 03 07:25:07 IST 2025,Thu Apr 03 07:25:07 IST 2025,GET,http://localhost:3000/WEB-INF/classes/cookieconsent/min/js.class,200,OK,12,469,71432
249,Thu Apr 03 07:25:07 IST 2025,Thu Apr 03 07:25:07 IST 2025,GET,http://localhost:3000/WEB-INF/classes/2/2/4.class,200,OK,12,469,71432
250,Thu Apr 03 07:25:07 IST 2025,Thu Apr 03 07:25:07 IST 2025,GET,http://localhost:3000/WEB-INF/classes/jquery/min/js.class,200,OK,12,469,71432
251,Thu Apr 03 07:25:07 IST 2025,Thu Apr 03 07:25:07 IST 2025,GET,http://localhost:3000/WEB-INF/classes/window/addEventListener.class,200,OK,13,469,71432
252,Thu Apr 03 07:25:07 IST 2025,Thu Apr 03 07:25:07 IST 2025,GET,http://localhost:3000/WEB-INF/classes/window/cookieconsent/initialise.class,200,OK,24,469,71432
253,Thu Apr 03 07:25:07 IST 2025,Thu Apr 03 07:25:07 IST 2025,GET,http://localhost:3000/WEB-INF/classes/www/youtube/com.class,200,OK,12,469,71432
254,Thu Apr 03 07:25:07 IST 2025,Thu Apr 03 07:25:07 IST 2025,GET,http://localhost:3000/WEB-INF/classes/styles/css.class,200,OK,12,469,71432
255,Thu Apr 03 07:25:07 IST 2025,Thu Apr 03 07:25:07 IST 2025,GET,http://localhost:3000/WEB-INF/classes/this/media.class,200,OK,13,469,71432
256,Thu Apr 03 07:25:07 IST 2025,Thu Apr 03 07:25:07 IST 2025,GET,http://localhost:3000/WEB-INF/classes/runtime/js.class,200,OK,18,469,71432
257,Thu Apr 03 07:25:07 IST 2025,Thu Apr 03 07:25:07 IST 2025,GET,http://localhost:3000/WEB-INF/classes/polyfills/js.class,200,OK,16,469,71432
258,Thu Apr 03 07:25:07 IST 2025,Thu Apr 03 07:25:07 IST 2025,GET,http://localhost:3000/WEB-INF/classes/vendor/js.class,200,OK,11,469,71432
259,Thu Apr 03 07:25:07 IST 2025,Thu Apr 03 07:25:07 IST 2025,GET,http://localhost:3000/WEB-INF/classes/main/js.class,200,OK,15,469,71432
260,Thu Apr 03 07:25:08 IST 2025,Thu Apr 03 07:25:08 IST 2025,POST,http://localhost:3000/?-d+allow_url_include%3d1+-d+auto_prepend_file%3dphp://input,200,OK,14,469,71432
261,Thu Apr 03 07:25:08 IST 2025,Thu Apr 03 07:25:08 IST 2025,POST,http://localhost:3000/?-d+allow_url_include%3d1+-d+auto_prepend_file%3dphp://input,200,OK,15,469,71432
262,Thu Apr 03 07:25:08 IST 2025,Thu Apr 03 07:25:08 IST 2025,GET,http://localhost:3000/,200,OK,3,469,71432
263,Thu Apr 03 07:25:11 IST 2025,Thu Apr 03 07:25:11 IST 2025,GET,http://localhost:3000/,200,OK,8,469,71432
264,Thu Apr 03 07:25:11 IST 2025,Thu Apr 03 07:25:11 IST 2025,GET,http://localhost:3000/runtime.js,200,OK,18,479,3315
265,Thu Apr 03 07:25:11 IST 2025,Thu Apr 03 07:25:11 IST 2025,GET,http://localhost:3000/polyfills.js,200,OK,15,481,55492
266,Thu Apr 03 07:25:11 IST 2025,Thu Apr 03 07:25:11 IST 2025,GET,http://localhost:3000/main.js,200,OK,24,483,459087
267,Thu Apr 03 07:25:11 IST 2025,Thu Apr 03 07:25:11 IST 2025,GET,http://localhost:3000/vendor.js,200,OK,46,485,1653829
268,Thu Apr 03 07:25:11 IST 2025,Thu Apr 03 07:25:11 IST 2025,GET,http://cdnjs.cloudflare.com/ajax/libs/cookieconsent2/3.1.0/cookieconsent.min.css,200,OK,426,899,4064
269,Thu Apr 03 07:25:11 IST 2025,Thu Apr 03 07:25:11 IST 2025,GET,http://cdnjs.cloudflare.com/ajax/libs/cookieconsent2/3.1.0/cookieconsent.min.js,200,OK,609,924,20808
270,Thu Apr 03 07:25:11 IST 2025,Thu Apr 03 07:25:12 IST 2025,GET,http://cdnjs.cloudflare.com/ajax/libs/jquery/2.2.4/jquery.min.js,200,OK,1230,898,85578
271,Thu Apr 03 07:25:12 IST 2025,Thu Apr 03 07:25:12 IST 2025,GET,http://localhost:3000/styles.css,200,OK,16,469,579145
272,Thu Apr 03 07:25:12 IST 2025,Thu Apr 03 07:25:12 IST 2025,GET,http://localhost:3000/assets/i18n/en.json,200,OK,6,475,32307
273,Thu Apr 03 07:25:12 IST 2025,Thu Apr 03 07:25:12 IST 2025,GET,http://localhost:3000/socket.io/?EIO=4&transport=polling&t=PNvN0Os,200,OK,4,230,96
274,Thu Apr 03 07:25:12 IST 2025,Thu Apr 03 07:25:12 IST 2025,GET,http://localhost:3000/rest/admin/application-version,200,OK,23,384,20
275,Thu Apr 03 07:25:12 IST 2025,Thu Apr 03 07:25:12 IST 2025,GET,http://localhost:3000/rest/admin/application-configuration,200,OK,39,389,21657
276,Thu Apr 03 07:25:12 IST 2025,Thu Apr 03 07:25:12 IST 2025,GET,http://localhost:3000/rest/admin/application-version,200,OK,67,384,20
277,Thu Apr 03 07:25:12 IST 2025,Thu Apr 03 07:25:12 IST 2025,GET,http://localhost:3000/rest/admin/application-configuration,200,OK,76,389,21657
278,Thu Apr 03 07:25:12 IST 2025,Thu Apr 03 07:25:12 IST 2025,GET,http://localhost:3000/rest/admin/application-configuration,200,OK,103,389,21657
279,Thu Apr 03 07:25:12 IST 2025,Thu Apr 03 07:25:12 IST 2025,GET,http://localhost:3000/rest/admin/application-configuration,200,OK,173,389,21657
280,Thu Apr 03 07:25:12 IST 2025,Thu Apr 03 07:25:12 IST 2025,GET,http://localhost:3000/MaterialIcons-Regular.woff2,200,OK,53,431,60840
281,Thu Apr 03 07:25:12 IST 2025,Thu Apr 03 07:25:12 IST 2025,GET,http://localhost:3000/assets/public/images/JuiceShop_Logo.png,200,OK,112,431,75029
282,Thu Apr 03 07:25:12 IST 2025,Thu Apr 03 07:25:12 IST 2025,GET,http://localhost:3000/rest/languages,200,OK,266,388,4866
283,Thu Apr 03 07:25:12 IST 2025,Thu Apr 03 07:25:13 IST 2025,GET,http://localhost:3000/rest/products/search?q=,200,OK,293,389,13644
284,Thu Apr 03 07:25:13 IST 2025,Thu Apr 03 07:25:13 IST 2025,POST,http://localhost:3000/socket.io/?EIO=4&transport=polling&t=PNvN0V_&sid=0gGGZeQEd6IiDXGIAAAC,200,OK,13,213,2
285,Thu Apr 03 07:25:13 IST 2025,Thu Apr 03 07:25:13 IST 2025,GET,http://localhost:3000/socket.io/?EIO=4&transport=polling&t=PNvN0W7&sid=0gGGZeQEd6IiDXGIAAAC,200,OK,9,230,32
286,Thu Apr 03 07:25:13 IST 2025,Thu Apr 03 07:25:13 IST 2025,GET,http://localhost:3000/socket.io/?EIO=4&transport=websocket&sid=0gGGZeQEd6IiDXGIAAAC,101,Switching Protocols,12,129,0
287,Thu Apr 03 07:25:12 IST 2025,Thu Apr 03 07:25:13 IST 2025,GET,http://localhost:3000/api/Quantitys/,200,OK,414,388,6258
288,Thu Apr 03 07:25:12 IST 2025,Thu Apr 03 07:25:13 IST 2025,GET,http://localhost:3000/api/Challenges/?name=Score%20Board,200,OK,505,386,647
289,Thu Apr 03 07:25:12 IST 2025,Thu Apr 03 07:25:13 IST 2025,GET,http://localhost:3000/api/Challenges/?name=Score%20Board,200,OK,495,386,647
290,Thu Apr 03 07:25:13 IST 2025,Thu Apr 03 07:25:13 IST 2025,GET,http://localhost:3000/rest/admin/application-configuration,200,OK,12,389,21657
291,Thu Apr 03 07:25:13 IST 2025,Thu Apr 03 07:25:13 IST 2025,GET,http://localhost:3000/assets/public/favicon_js.ico,200,OK,8,456,15086
292,Thu Apr 03 07:25:13 IST 2025,Thu Apr 03 07:25:13 IST 2025,GET,http://localhost:3000/assets/public/images/products/apple_juice.jpg,200,OK,16,431,15291
293,Thu Apr 03 07:25:13 IST 2025,Thu Apr 03 07:25:13 IST 2025,GET,http://localhost:3000/assets/public/images/products/apple_pressings.jpg,200,OK,23,431,29163
294,Thu Apr 03 07:25:13 IST 2025,Thu Apr 03 07:25:13 IST 2025,GET,http://localhost:3000/assets/public/images/products/banana_juice.jpg,200,OK,22,431,19833
295,Thu Apr 03 07:25:13 IST 2025,Thu Apr 03 07:25:13 IST 2025,GET,http://localhost:3000/assets/public/images/products/green_smoothie.jpg,200,OK,24,431,15910
296,Thu Apr 03 07:25:13 IST 2025,Thu Apr 03 07:25:13 IST 2025,GET,http://localhost:3000/assets/public/images/products/carrot_juice.jpeg,200,OK,33,431,19001
297,Thu Apr 03 07:25:13 IST 2025,Thu Apr 03 07:25:13 IST 2025,GET,http://localhost:3000/assets/public/images/products/lemon_juice.jpg,200,OK,32,431,17038
298,Thu Apr 03 07:25:13 IST 2025,Thu Apr 03 07:25:13 IST 2025,GET,http://localhost:3000/assets/public/images/products/fruit_press.jpg,200,OK,23,431,17080
299,Thu Apr 03 07:25:13 IST 2025,Thu Apr 03 07:25:13 IST 2025,GET,http://localhost:3000/assets/public/images/products/artwork2.jpg,200,OK,21,431,35878
300,Thu Apr 03 07:25:13 IST 2025,Thu Apr 03 07:25:13 IST 2025,GET,http://localhost:3000/assets/public/images/products/eggfruit_juice.jpg,200,OK,24,431,15072
301,Thu Apr 03 07:25:13 IST 2025,Thu Apr 03 07:25:13 IST 2025,GET,http://localhost:3000/assets/public/images/products/fan_facemask.jpg,200,OK,18,431,26934
302,Thu Apr 03 07:25:13 IST 2025,Thu Apr 03 07:25:13 IST 2025,GET,http://localhost:3000/assets/public/images/products/melon_bike.jpeg,200,OK,21,431,21524
303,Thu Apr 03 07:25:13 IST 2025,Thu Apr 03 07:25:13 IST 2025,GET,http://localhost:3000/assets/public/images/products/permafrost.jpg,200,OK,29,432,93641
304,Thu Apr 03 07:25:13 IST 2025,Thu Apr 03 07:25:13 IST 2025,GET,http://localhost:3000/socket.io/?EIO=4&transport=polling&t=PNvN0ZP&sid=0gGGZeQEd6IiDXGIAAAC,200,OK,376,229,1
305,Thu Apr 03 07:25:13 IST 2025,Thu Apr 03 07:25:13 IST 2025,GET,http://localhost:3000/font-mfizz.woff,200,OK,9,430,40904
306,Thu Apr 03 07:25:14 IST 2025,Thu Apr 03 07:25:14 IST 2025,GET,http://localhost:3000/,200,OK,4,469,71432
307,Thu Apr 03 07:25:14 IST 2025,Thu Apr 03 07:25:14 IST 2025,GET,http://localhost:3000/runtime.js,200,OK,14,479,3315
308,Thu Apr 03 07:25:14 IST 2025,Thu Apr 03 07:25:14 IST 2025,GET,http://localhost:3000/polyfills.js,200,OK,17,481,55492
309,Thu Apr 03 07:25:14 IST 2025,Thu Apr 03 07:25:14 IST 2025,GET,http://localhost:3000/main.js,200,OK,28,483,459087
310,Thu Apr 03 07:25:14 IST 2025,Thu Apr 03 07:25:14 IST 2025,GET,http://localhost:3000/vendor.js,200,OK,37,485,1653829
311,Thu Apr 03 07:25:14 IST 2025,Thu Apr 03 07:25:14 IST 2025,GET,http://localhost:3000/styles.css,200,OK,15,469,579145
312,Thu Apr 03 07:25:15 IST 2025,Thu Apr 03 07:25:15 IST 2025,GET,http://localhost:3000/assets/i18n/en.json,200,OK,5,475,32307
313,Thu Apr 03 07:25:15 IST 2025,Thu Apr 03 07:25:15 IST 2025,GET,http://localhost:3000/socket.io/?EIO=4&transport=polling&t=PNvN12Z,200,OK,2,230,96
314,Thu Apr 03 07:25:15 IST 2025,Thu Apr 03 07:25:15 IST 2025,GET,http://localhost:3000/rest/admin/application-version,200,OK,7,384,20
315,Thu Apr 03 07:25:15 IST 2025,Thu Apr 03 07:25:15 IST 2025,GET,http://localhost:3000/rest/admin/application-configuration,200,OK,33,389,21657
316,Thu Apr 03 07:25:15 IST 2025,Thu Apr 03 07:25:15 IST 2025,GET,http://localhost:3000/rest/admin/application-configuration,200,OK,54,389,21657
317,Thu Apr 03 07:25:15 IST 2025,Thu Apr 03 07:25:15 IST 2025,GET,http://localhost:3000/rest/admin/application-version,200,OK,58,384,20
318,Thu Apr 03 07:25:15 IST 2025,Thu Apr 03 07:25:15 IST 2025,GET,http://localhost:3000/rest/admin/application-configuration,200,OK,67,389,21657
319,Thu Apr 03 07:25:15 IST 2025,Thu Apr 03 07:25:15 IST 2025,GET,http://localhost:3000/rest/admin/application-configuration,200,OK,95,389,21657
320,Thu Apr 03 07:25:15 IST 2025,Thu Apr 03 07:25:15 IST 2025,GET,http://localhost:3000/assets/public/images/JuiceShop_Logo.png,200,OK,87,431,75029
321,Thu Apr 03 07:25:15 IST 2025,Thu Apr 03 07:25:15 IST 2025,GET,http://localhost:3000/rest/languages,200,OK,154,388,4866
322,Thu Apr 03 07:25:15 IST 2025,Thu Apr 03 07:25:15 IST 2025,POST,http://localhost:3000/socket.io/?EIO=4&transport=polling&t=PNvN16G&sid=CXD5fTnDHJaBpdXJAAAE,200,OK,3,213,2
323,Thu Apr 03 07:25:15 IST 2025,Thu Apr 03 07:25:15 IST 2025,GET,http://localhost:3000/socket.io/?EIO=4&transport=polling&t=PNvN16H&sid=CXD5fTnDHJaBpdXJAAAE,200,OK,2,230,32
324,Thu Apr 03 07:25:15 IST 2025,Thu Apr 03 07:25:15 IST 2025,GET,http://localhost:3000/socket.io/?EIO=4&transport=websocket&sid=CXD5fTnDHJaBpdXJAAAE,101,Switching Protocols,3,129,0
325,Thu Apr 03 07:25:15 IST 2025,Thu Apr 03 07:25:15 IST 2025,GET,http://localhost:3000/rest/admin/application-configuration,200,OK,6,389,21657
326,Thu Apr 03 07:25:15 IST 2025,Thu Apr 03 07:25:15 IST 2025,GET,http://localhost:3000/rest/products/search?q=,200,OK,150,389,13644
327,Thu Apr 03 07:25:15 IST 2025,Thu Apr 03 07:25:15 IST 2025,GET,http://localhost:3000/api/Challenges/?name=Score%20Board,200,OK,281,386,647
328,Thu Apr 03 07:25:15 IST 2025,Thu Apr 03 07:25:15 IST 2025,GET,http://localhost:3000/api/Challenges/?name=Score%20Board,200,OK,291,386,647
329,Thu Apr 03 07:25:15 IST 2025,Thu Apr 03 07:25:15 IST 2025,GET,http://localhost:3000/api/Quantitys/,200,OK,235,388,6258
330,Thu Apr 03 07:25:15 IST 2025,Thu Apr 03 07:25:15 IST 2025,GET,http://localhost:3000/assets/public/images/products/apple_juice.jpg,200,OK,6,431,15291
331,Thu Apr 03 07:25:15 IST 2025,Thu Apr 03 07:25:15 IST 2025,GET,http://localhost:3000/assets/public/images/products/apple_pressings.jpg,200,OK,6,431,29163
332,Thu Apr 03 07:25:15 IST 2025,Thu Apr 03 07:25:15 IST 2025,GET,http://localhost:3000/assets/public/images/products/banana_juice.jpg,200,OK,4,431,19833
333,Thu Apr 03 07:25:15 IST 2025,Thu Apr 03 07:25:15 IST 2025,GET,http://localhost:3000/assets/public/images/products/artwork2.jpg,200,OK,6,431,35878
334,Thu Apr 03 07:25:15 IST 2025,Thu Apr 03 07:25:15 IST 2025,GET,http://localhost:3000/assets/public/images/products/carrot_juice.jpeg,200,OK,7,431,19001
335,Thu Apr 03 07:25:15 IST 2025,Thu Apr 03 07:25:15 IST 2025,GET,http://localhost:3000/assets/public/images/products/eggfruit_juice.jpg,200,OK,6,431,15072
336,Thu Apr 03 07:25:15 IST 2025,Thu Apr 03 07:25:15 IST 2025,GET,http://localhost:3000/assets/public/images/products/fruit_press.jpg,200,OK,5,431,17080
337,Thu Apr 03 07:25:15 IST 2025,Thu Apr 03 07:25:15 IST 2025,GET,http://localhost:3000/assets/public/images/products/green_smoothie.jpg,200,OK,5,431,15910
338,Thu Apr 03 07:25:15 IST 2025,Thu Apr 03 07:25:15 IST 2025,GET,http://localhost:3000/assets/public/images/products/permafrost.jpg,200,OK,7,432,93641
339,Thu Apr 03 07:25:15 IST 2025,Thu Apr 03 07:25:15 IST 2025,GET,http://localhost:3000/socket.io/?EIO=4&transport=polling&t=PNvN17v&sid=CXD5fTnDHJaBpdXJAAAE,200,OK,153,229,1
340,Thu Apr 03 07:25:15 IST 2025,Thu Apr 03 07:25:15 IST 2025,GET,http://localhost:3000/assets/public/images/products/fan_facemask.jpg,200,OK,6,431,26934
341,Thu Apr 03 07:25:15 IST 2025,Thu Apr 03 07:25:15 IST 2025,GET,http://localhost:3000/assets/public/images/products/melon_bike.jpeg,200,OK,9,431,21524
342,Thu Apr 03 07:25:15 IST 2025,Thu Apr 03 07:25:15 IST 2025,GET,http://localhost:3000/assets/public/images/products/lemon_juice.jpg,200,OK,7,431,17038
343,Thu Apr 03 07:25:15 IST 2025,Thu Apr 03 07:25:15 IST 2025,GET,http://localhost:3000/socket.io/?EIO=4&transport=polling&t=PNvN1A_&sid=CXD5fTnDHJaBpdXJAAAE,200,OK,59,229,1
344,Thu Apr 03 07:25:17 IST 2025,Thu Apr 03 07:25:17 IST 2025,GET,http://localhost:3000/rest/products/search?q=,200,OK,26,389,13644
345,Thu Apr 03 07:25:17 IST 2025,Thu Apr 03 07:25:17 IST 2025,GET,http://localhost:3000/api/Quantitys/,200,OK,39,388,6258
346,Thu Apr 03 07:25:17 IST 2025,Thu Apr 03 07:25:17 IST 2025,GET,http://localhost:3000/rest/products/search?q=,200,OK,44,389,13644
347,Thu Apr 03 07:25:17 IST 2025,Thu Apr 03 07:25:17 IST 2025,GET,http://localhost:3000/api/Quantitys/,200,OK,72,388,6258
348,Thu Apr 03 07:25:19 IST 2025,Thu Apr 03 07:25:19 IST 2025,GET,http://localhost:3000/rest/user/whoami,200,OK,8,383,11
349,Thu Apr 03 07:25:19 IST 2025,Thu Apr 03 07:25:19 IST 2025,GET,http://localhost:3000/rest/products/1/reviews,200,OK,25,385,172
350,Thu Apr 03 07:25:19 IST 2025,Thu Apr 03 07:25:19 IST 2025,GET,http://localhost:3000/rest/products/1/reviews,200,OK,31,385,172
351,Thu Apr 03 07:25:19 IST 2025,Thu Apr 03 07:25:19 IST 2025,GET,http://localhost:3000/rest/products/1/reviews,200,OK,12,385,172
352,Thu Apr 03 07:25:19 IST 2025,Thu Apr 03 07:25:19 IST 2025,GET,http://localhost:3000/rest/user/whoami,200,OK,4,383,11
353,Thu Apr 03 07:25:19 IST 2025,Thu Apr 03 07:25:19 IST 2025,GET,http://localhost:3000/rest/products/1/reviews,200,OK,14,385,172
354,Thu Apr 03 07:25:19 IST 2025,Thu Apr 03 07:25:19 IST 2025,GET,http://localhost:3000/rest/products/1/reviews,200,OK,21,385,172
355,Thu Apr 03 07:25:19 IST 2025,Thu Apr 03 07:25:19 IST 2025,GET,http://localhost:3000/rest/products/1/reviews,200,OK,18,385,172
356,Thu Apr 03 07:25:20 IST 2025,Thu Apr 03 07:25:20 IST 2025,GET,http://localhost:3000/rest/user/whoami,200,OK,5,383,11
357,Thu Apr 03 07:25:20 IST 2025,Thu Apr 03 07:25:20 IST 2025,GET,http://localhost:3000/rest/products/1/reviews,200,OK,12,385,172
358,Thu Apr 03 07:25:20 IST 2025,Thu Apr 03 07:25:20 IST 2025,GET,http://localhost:3000/rest/products/1/reviews,200,OK,28,385,172
359,Thu Apr 03 07:25:20 IST 2025,Thu Apr 03 07:25:20 IST 2025,GET,http://localhost:3000/rest/products/1/reviews,200,OK,12,385,172
360,Thu Apr 03 07:25:20 IST 2025,Thu Apr 03 07:25:20 IST 2025,GET,http://localhost:3000/rest/user/whoami,200,OK,4,383,11
361,Thu Apr 03 07:25:20 IST 2025,Thu Apr 03 07:25:20 IST 2025,GET,http://localhost:3000/rest/products/1/reviews,200,OK,17,385,172
362,Thu Apr 03 07:25:20 IST 2025,Thu Apr 03 07:25:20 IST 2025,GET,http://localhost:3000/rest/products/1/reviews,200,OK,26,385,172
363,Thu Apr 03 07:25:20 IST 2025,Thu Apr 03 07:25:20 IST 2025,GET,http://localhost:3000/rest/products/1/reviews,200,OK,12,385,172
364,Thu Apr 03 07:25:20 IST 2025,Thu Apr 03 07:25:20 IST 2025,GET,http://localhost:3000/rest/user/whoami,200,OK,4,383,11
365,Thu Apr 03 07:25:20 IST 2025,Thu Apr 03 07:25:20 IST 2025,GET,http://localhost:3000/rest/products/1/reviews,200,OK,21,385,172
366,Thu Apr 03 07:25:20 IST 2025,Thu Apr 03 07:25:20 IST 2025,GET,http://localhost:3000/rest/products/1/reviews,200,OK,28,385,172
367,Thu Apr 03 07:25:20 IST 2025,Thu Apr 03 07:25:20 IST 2025,GET,http://localhost:3000/rest/products/1/reviews,200,OK,15,385,172
368,Thu Apr 03 07:25:21 IST 2025,Thu Apr 03 07:25:21 IST 2025,GET,http://localhost:3000/rest/user/whoami,200,OK,4,383,11
369,Thu Apr 03 07:25:21 IST 2025,Thu Apr 03 07:25:21 IST 2025,GET,http://localhost:3000/rest/products/1/reviews,200,OK,12,385,172
370,Thu Apr 03 07:25:21 IST 2025,Thu Apr 03 07:25:21 IST 2025,GET,http://localhost:3000/rest/products/1/reviews,200,OK,20,385,172
371,Thu Apr 03 07:25:21 IST 2025,Thu Apr 03 07:25:21 IST 2025,GET,http://localhost:3000/rest/products/1/reviews,200,OK,16,385,172
372,Thu Apr 03 07:25:21 IST 2025,Thu Apr 03 07:25:21 IST 2025,GET,http://localhost:3000/rest/user/whoami,200,OK,4,383,11
373,Thu Apr 03 07:25:21 IST 2025,Thu Apr 03 07:25:21 IST 2025,GET,http://localhost:3000/rest/products/24/reviews,200,OK,19,384,30
374,Thu Apr 03 07:25:21 IST 2025,Thu Apr 03 07:25:21 IST 2025,GET,http://localhost:3000/rest/products/24/reviews,200,OK,22,384,30
375,Thu Apr 03 07:25:22 IST 2025,Thu Apr 03 07:25:22 IST 2025,GET,http://localhost:3000/rest/user/whoami,200,OK,7,383,11
376,Thu Apr 03 07:25:22 IST 2025,Thu Apr 03 07:25:22 IST 2025,GET,http://localhost:3000/rest/products/24/reviews,200,OK,28,384,30
377,Thu Apr 03 07:25:22 IST 2025,Thu Apr 03 07:25:22 IST 2025,GET,http://localhost:3000/rest/products/24/reviews,200,OK,38,384,30
378,Thu Apr 03 07:25:22 IST 2025,Thu Apr 03 07:25:22 IST 2025,GET,http://localhost:3000/rest/user/whoami,200,OK,6,383,11
379,Thu Apr 03 07:25:22 IST 2025,Thu Apr 03 07:25:22 IST 2025,GET,http://localhost:3000/rest/products/24/reviews,200,OK,13,384,30
380,Thu Apr 03 07:25:22 IST 2025,Thu Apr 03 07:25:22 IST 2025,GET,http://localhost:3000/rest/products/24/reviews,200,OK,19,384,30
381,Thu Apr 03 07:25:22 IST 2025,Thu Apr 03 07:25:22 IST 2025,GET,http://localhost:3000/rest/user/whoami,200,OK,6,383,11
382,Thu Apr 03 07:25:22 IST 2025,Thu Apr 03 07:25:22 IST 2025,GET,http://localhost:3000/rest/products/24/reviews,200,OK,11,384,30
383,Thu Apr 03 07:25:22 IST 2025,Thu Apr 03 07:25:22 IST 2025,GET,http://localhost:3000/rest/products/24/reviews,200,OK,22,384,30
384,Thu Apr 03 07:25:23 IST 2025,Thu Apr 03 07:25:23 IST 2025,GET,http://localhost:3000/rest/user/whoami,200,OK,4,383,11
385,Thu Apr 03 07:25:23 IST 2025,Thu Apr 03 07:25:23 IST 2025,GET,http://localhost:3000/rest/products/24/reviews,200,OK,15,384,30
386,Thu Apr 03 07:25:23 IST 2025,Thu Apr 03 07:25:23 IST 2025,GET,http://localhost:3000/rest/products/24/reviews,200,OK,22,384,30
387,Thu Apr 03 07:25:23 IST 2025,Thu Apr 03 07:25:23 IST 2025,GET,http://localhost:3000/rest/user/whoami,200,OK,5,383,11
388,Thu Apr 03 07:25:23 IST 2025,Thu Apr 03 07:25:23 IST 2025,GET,http://localhost:3000/rest/products/24/reviews,200,OK,15,384,30
389,Thu Apr 03 07:25:23 IST 2025,Thu Apr 03 07:25:23 IST 2025,GET,http://localhost:3000/rest/products/24/reviews,200,OK,23,384,30
390,Thu Apr 03 07:25:24 IST 2025,Thu Apr 03 07:25:24 IST 2025,GET,http://localhost:3000/rest/user/whoami,200,OK,5,383,11
391,Thu Apr 03 07:25:24 IST 2025,Thu Apr 03 07:25:24 IST 2025,GET,http://localhost:3000/rest/products/6/reviews,200,OK,19,385,170
392,Thu Apr 03 07:25:24 IST 2025,Thu Apr 03 07:25:24 IST 2025,GET,http://localhost:3000/rest/products/6/reviews,200,OK,25,385,170
393,Thu Apr 03 07:25:24 IST 2025,Thu Apr 03 07:25:24 IST 2025,GET,http://localhost:3000/rest/products/6/reviews,200,OK,14,385,170
394,Thu Apr 03 07:25:24 IST 2025,Thu Apr 03 07:25:24 IST 2025,GET,http://localhost:3000/rest/user/whoami,200,OK,4,383,11
395,Thu Apr 03 07:25:24 IST 2025,Thu Apr 03 07:25:24 IST 2025,GET,http://localhost:3000/rest/products/6/reviews,200,OK,36,385,170
396,Thu Apr 03 07:25:24 IST 2025,Thu Apr 03 07:25:24 IST 2025,GET,http://localhost:3000/rest/products/6/reviews,200,OK,42,385,170
397,Thu Apr 03 07:25:24 IST 2025,Thu Apr 03 07:25:24 IST 2025,GET,http://localhost:3000/rest/products/6/reviews,200,OK,20,385,170
398,Thu Apr 03 07:25:24 IST 2025,Thu Apr 03 07:25:24 IST 2025,GET,http://localhost:3000/rest/user/whoami,200,OK,4,383,11
399,Thu Apr 03 07:25:24 IST 2025,Thu Apr 03 07:25:24 IST 2025,GET,http://localhost:3000/rest/products/6/reviews,200,OK,19,385,170
400,Thu Apr 03 07:25:24 IST 2025,Thu Apr 03 07:25:24 IST 2025,GET,http://localhost:3000/rest/products/6/reviews,200,OK,31,385,170
401,Thu Apr 03 07:25:24 IST 2025,Thu Apr 03 07:25:24 IST 2025,GET,http://localhost:3000/rest/products/6/reviews,200,OK,24,385,170
402,Thu Apr 03 07:25:25 IST 2025,Thu Apr 03 07:25:25 IST 2025,GET,http://localhost:3000/rest/user/whoami,200,OK,9,383,11
403,Thu Apr 03 07:25:25 IST 2025,Thu Apr 03 07:25:25 IST 2025,GET,http://localhost:3000/rest/products/6/reviews,200,OK,31,385,170
404,Thu Apr 03 07:25:25 IST 2025,Thu Apr 03 07:25:25 IST 2025,GET,http://localhost:3000/rest/products/6/reviews,200,OK,52,385,170
405,Thu Apr 03 07:25:25 IST 2025,Thu Apr 03 07:25:25 IST 2025,GET,http://localhost:3000/rest/products/6/reviews,200,OK,34,385,170
406,Thu Apr 03 07:25:25 IST 2025,Thu Apr 03 07:25:25 IST 2025,GET,http://localhost:3000/rest/user/whoami,200,OK,5,383,11
407,Thu Apr 03 07:25:25 IST 2025,Thu Apr 03 07:25:25 IST 2025,GET,http://localhost:3000/rest/products/6/reviews,200,OK,21,385,170
408,Thu Apr 03 07:25:25 IST 2025,Thu Apr 03 07:25:25 IST 2025,GET,http://localhost:3000/rest/products/6/reviews,200,OK,32,385,170
409,Thu Apr 03 07:25:25 IST 2025,Thu Apr 03 07:25:25 IST 2025,GET,http://localhost:3000/rest/products/6/reviews,200,OK,20,385,170
410,Thu Apr 03 07:25:25 IST 2025,Thu Apr 03 07:25:25 IST 2025,GET,http://localhost:3000/rest/user/whoami,200,OK,9,383,11
411,Thu Apr 03 07:25:25 IST 2025,Thu Apr 03 07:25:25 IST 2025,GET,http://localhost:3000/rest/products/6/reviews,200,OK,25,385,170
412,Thu Apr 03 07:25:25 IST 2025,Thu Apr 03 07:25:25 IST 2025,GET,http://localhost:3000/rest/products/6/reviews,200,OK,33,385,170
413,Thu Apr 03 07:25:25 IST 2025,Thu Apr 03 07:25:26 IST 2025,GET,http://localhost:3000/rest/products/6/reviews,200,OK,23,385,170
414,Thu Apr 03 07:25:26 IST 2025,Thu Apr 03 07:25:26 IST 2025,GET,http://localhost:3000/rest/user/whoami,200,OK,8,383,11
415,Thu Apr 03 07:25:26 IST 2025,Thu Apr 03 07:25:26 IST 2025,GET,http://localhost:3000/rest/products/42/reviews,200,OK,32,386,413
416,Thu Apr 03 07:25:26 IST 2025,Thu Apr 03 07:25:26 IST 2025,GET,http://localhost:3000/rest/products/42/reviews,200,OK,53,386,413
417,Thu Apr 03 07:25:26 IST 2025,Thu Apr 03 07:25:26 IST 2025,GET,http://localhost:3000/rest/products/42/reviews,200,OK,23,386,413
418,Thu Apr 03 07:25:26 IST 2025,Thu Apr 03 07:25:26 IST 2025,GET,http://localhost:3000/rest/user/whoami,200,OK,8,383,11
419,Thu Apr 03 07:25:26 IST 2025,Thu Apr 03 07:25:26 IST 2025,GET,http://localhost:3000/rest/products/42/reviews,200,OK,14,386,413
420,Thu Apr 03 07:25:26 IST 2025,Thu Apr 03 07:25:26 IST 2025,GET,http://localhost:3000/rest/products/42/reviews,200,OK,23,386,413
421,Thu Apr 03 07:25:26 IST 2025,Thu Apr 03 07:25:26 IST 2025,GET,http://localhost:3000/rest/products/42/reviews,200,OK,17,386,413
422,Thu Apr 03 07:25:27 IST 2025,Thu Apr 03 07:25:27 IST 2025,GET,http://localhost:3000/rest/user/whoami,200,OK,8,383,11
423,Thu Apr 03 07:25:27 IST 2025,Thu Apr 03 07:25:27 IST 2025,GET,http://localhost:3000/rest/products/42/reviews,200,OK,27,386,413
424,Thu Apr 03 07:25:27 IST 2025,Thu Apr 03 07:25:27 IST 2025,GET,http://localhost:3000/rest/products/42/reviews,200,OK,40,386,413
425,Thu Apr 03 07:25:27 IST 2025,Thu Apr 03 07:25:27 IST 2025,GET,http://localhost:3000/rest/products/42/reviews,200,OK,20,386,413
426,Thu Apr 03 07:25:27 IST 2025,Thu Apr 03 07:25:27 IST 2025,GET,http://localhost:3000/rest/user/whoami,200,OK,8,383,11
427,Thu Apr 03 07:25:27 IST 2025,Thu Apr 03 07:25:27 IST 2025,GET,http://localhost:3000/rest/products/42/reviews,200,OK,23,386,413
428,Thu Apr 03 07:25:27 IST 2025,Thu Apr 03 07:25:27 IST 2025,GET,http://localhost:3000/rest/products/42/reviews,200,OK,40,386,413
429,Thu Apr 03 07:25:27 IST 2025,Thu Apr 03 07:25:27 IST 2025,GET,http://localhost:3000/rest/products/42/reviews,200,OK,25,386,413
430,Thu Apr 03 07:25:27 IST 2025,Thu Apr 03 07:25:27 IST 2025,GET,http://localhost:3000/rest/user/whoami,200,OK,5,383,11
431,Thu Apr 03 07:25:27 IST 2025,Thu Apr 03 07:25:27 IST 2025,GET,http://localhost:3000/rest/products/42/reviews,200,OK,19,386,413
432,Thu Apr 03 07:25:27 IST 2025,Thu Apr 03 07:25:27 IST 2025,GET,http://localhost:3000/rest/products/42/reviews,200,OK,30,386,413
433,Thu Apr 03 07:25:27 IST 2025,Thu Apr 03 07:25:27 IST 2025,GET,http://localhost:3000/rest/products/42/reviews,200,OK,15,386,413
434,Thu Apr 03 07:25:28 IST 2025,Thu Apr 03 07:25:28 IST 2025,GET,http://localhost:3000/rest/user/whoami,200,OK,6,383,11
435,Thu Apr 03 07:25:28 IST 2025,Thu Apr 03 07:25:28 IST 2025,GET,http://localhost:3000/rest/products/42/reviews,200,OK,24,386,413
436,Thu Apr 03 07:25:28 IST 2025,Thu Apr 03 07:25:28 IST 2025,GET,http://localhost:3000/rest/products/42/reviews,200,OK,36,386,413
437,Thu Apr 03 07:25:28 IST 2025,Thu Apr 03 07:25:28 IST 2025,GET,http://localhost:3000/rest/products/42/reviews,200,OK,16,386,413
438,Thu Apr 03 07:25:28 IST 2025,Thu Apr 03 07:25:28 IST 2025,GET,http://localhost:3000/rest/user/whoami,200,OK,6,383,11
439,Thu Apr 03 07:25:28 IST 2025,Thu Apr 03 07:25:28 IST 2025,GET,http://localhost:3000/rest/products/30/reviews,200,OK,22,385,187
440,Thu Apr 03 07:25:28 IST 2025,Thu Apr 03 07:25:28 IST 2025,GET,http://localhost:3000/rest/products/30/reviews,200,OK,34,385,187
441,Thu Apr 03 07:25:28 IST 2025,Thu Apr 03 07:25:28 IST 2025,GET,http://localhost:3000/rest/products/30/reviews,200,OK,17,385,187
442,Thu Apr 03 07:25:29 IST 2025,Thu Apr 03 07:25:29 IST 2025,GET,http://localhost:3000/rest/user/whoami,200,OK,6,383,11
443,Thu Apr 03 07:25:29 IST 2025,Thu Apr 03 07:25:29 IST 2025,GET,http://localhost:3000/rest/products/30/reviews,200,OK,16,385,187
444,Thu Apr 03 07:25:29 IST 2025,Thu Apr 03 07:25:29 IST 2025,GET,http://localhost:3000/rest/products/30/reviews,200,OK,32,385,187
445,Thu Apr 03 07:25:29 IST 2025,Thu Apr 03 07:25:29 IST 2025,GET,http://localhost:3000/rest/products/30/reviews,200,OK,22,385,187
446,Thu Apr 03 07:25:29 IST 2025,Thu Apr 03 07:25:29 IST 2025,GET,http://localhost:3000/rest/user/whoami,200,OK,10,383,11
447,Thu Apr 03 07:25:29 IST 2025,Thu Apr 03 07:25:29 IST 2025,GET,http://localhost:3000/rest/products/30/reviews,200,OK,26,385,187
448,Thu Apr 03 07:25:29 IST 2025,Thu Apr 03 07:25:29 IST 2025,GET,http://localhost:3000/rest/products/30/reviews,200,OK,36,385,187
449,Thu Apr 03 07:25:29 IST 2025,Thu Apr 03 07:25:29 IST 2025,GET,http://localhost:3000/rest/products/30/reviews,200,OK,21,385,187
450,Thu Apr 03 07:25:29 IST 2025,Thu Apr 03 07:25:29 IST 2025,GET,http://localhost:3000/rest/user/whoami,200,OK,5,383,11
451,Thu Apr 03 07:25:29 IST 2025,Thu Apr 03 07:25:29 IST 2025,GET,http://localhost:3000/rest/products/30/reviews,200,OK,21,385,187
452,Thu Apr 03 07:25:29 IST 2025,Thu Apr 03 07:25:29 IST 2025,GET,http://localhost:3000/rest/products/30/reviews,200,OK,28,385,187
453,Thu Apr 03 07:25:29 IST 2025,Thu Apr 03 07:25:29 IST 2025,GET,http://localhost:3000/rest/products/30/reviews,200,OK,22,385,187
454,Thu Apr 03 07:25:30 IST 2025,Thu Apr 03 07:25:30 IST 2025,GET,http://localhost:3000/rest/user/whoami,200,OK,6,383,11
455,Thu Apr 03 07:25:30 IST 2025,Thu Apr 03 07:25:30 IST 2025,GET,http://localhost:3000/rest/products/30/reviews,200,OK,18,385,187
456,Thu Apr 03 07:25:30 IST 2025,Thu Apr 03 07:25:30 IST 2025,GET,http://localhost:3000/rest/products/30/reviews,200,OK,23,385,187
457,Thu Apr 03 07:25:30 IST 2025,Thu Apr 03 07:25:30 IST 2025,GET,http://localhost:3000/rest/products/30/reviews,200,OK,24,385,187
458,Thu Apr 03 07:25:30 IST 2025,Thu Apr 03 07:25:30 IST 2025,GET,http://localhost:3000/rest/user/whoami,200,OK,4,383,11
459,Thu Apr 03 07:25:30 IST 2025,Thu Apr 03 07:25:30 IST 2025,GET,http://localhost:3000/rest/products/30/reviews,200,OK,15,385,187
460,Thu Apr 03 07:25:30 IST 2025,Thu Apr 03 07:25:30 IST 2025,GET,http://localhost:3000/rest/products/30/reviews,200,OK,24,385,187
461,Thu Apr 03 07:25:30 IST 2025,Thu Apr 03 07:25:30 IST 2025,GET,http://localhost:3000/rest/products/30/reviews,200,OK,20,385,187
462,Thu Apr 03 07:25:31 IST 2025,Thu Apr 03 07:25:31 IST 2025,GET,http://localhost:3000/rest/user/whoami,200,OK,4,383,11
463,Thu Apr 03 07:25:31 IST 2025,Thu Apr 03 07:25:31 IST 2025,GET,http://localhost:3000/rest/products/3/reviews,200,OK,15,385,185
464,Thu Apr 03 07:25:31 IST 2025,Thu Apr 03 07:25:31 IST 2025,GET,http://localhost:3000/rest/products/3/reviews,200,OK,32,385,185
465,Thu Apr 03 07:25:31 IST 2025,Thu Apr 03 07:25:31 IST 2025,GET,http://localhost:3000/rest/products/3/reviews,200,OK,24,385,185
466,Thu Apr 03 07:25:31 IST 2025,Thu Apr 03 07:25:31 IST 2025,GET,http://localhost:3000/rest/user/whoami,200,OK,6,383,11
467,Thu Apr 03 07:25:31 IST 2025,Thu Apr 03 07:25:31 IST 2025,GET,http://localhost:3000/rest/products/3/reviews,200,OK,30,385,185
468,Thu Apr 03 07:25:31 IST 2025,Thu Apr 03 07:25:31 IST 2025,GET,http://localhost:3000/rest/products/3/reviews,200,OK,41,385,185
469,Thu Apr 03 07:25:31 IST 2025,Thu Apr 03 07:25:31 IST 2025,GET,http://localhost:3000/rest/products/3/reviews,200,OK,20,385,185
470,Thu Apr 03 07:25:31 IST 2025,Thu Apr 03 07:25:31 IST 2025,GET,http://localhost:3000/rest/user/whoami,200,OK,4,383,11
471,Thu Apr 03 07:25:31 IST 2025,Thu Apr 03 07:25:31 IST 2025,GET,http://localhost:3000/rest/products/3/reviews,200,OK,27,385,185
472,Thu Apr 03 07:25:31 IST 2025,Thu Apr 03 07:25:31 IST 2025,GET,http://localhost:3000/rest/products/3/reviews,200,OK,35,385,185
473,Thu Apr 03 07:25:31 IST 2025,Thu Apr 03 07:25:31 IST 2025,GET,http://localhost:3000/rest/products/3/reviews,200,OK,24,385,185
474,Thu Apr 03 07:25:32 IST 2025,Thu Apr 03 07:25:32 IST 2025,GET,http://localhost:3000/rest/user/whoami,200,OK,5,383,11
475,Thu Apr 03 07:25:32 IST 2025,Thu Apr 03 07:25:32 IST 2025,GET,http://localhost:3000/rest/products/3/reviews,200,OK,17,385,185
476,Thu Apr 03 07:25:32 IST 2025,Thu Apr 03 07:25:32 IST 2025,GET,http://localhost:3000/rest/products/3/reviews,200,OK,32,385,185
477,Thu Apr 03 07:25:32 IST 2025,Thu Apr 03 07:25:32 IST 2025,GET,http://localhost:3000/rest/products/3/reviews,200,OK,24,385,185
478,Thu Apr 03 07:25:32 IST 2025,Thu Apr 03 07:25:32 IST 2025,GET,http://localhost:3000/rest/user/whoami,200,OK,4,383,11
479,Thu Apr 03 07:25:32 IST 2025,Thu Apr 03 07:25:32 IST 2025,GET,http://localhost:3000/rest/products/3/reviews,200,OK,20,385,185
480,Thu Apr 03 07:25:32 IST 2025,Thu Apr 03 07:25:32 IST 2025,GET,http://localhost:3000/rest/products/3/reviews,200,OK,30,385,185
481,Thu Apr 03 07:25:32 IST 2025,Thu Apr 03 07:25:32 IST 2025,GET,http://localhost:3000/rest/products/3/reviews,200,OK,23,385,185
482,Thu Apr 03 07:25:32 IST 2025,Thu Apr 03 07:25:32 IST 2025,GET,http://localhost:3000/rest/user/whoami,200,OK,7,383,11
483,Thu Apr 03 07:25:32 IST 2025,Thu Apr 03 07:25:32 IST 2025,GET,http://localhost:3000/rest/products/3/reviews,200,OK,30,385,185
484,Thu Apr 03 07:25:32 IST 2025,Thu Apr 03 07:25:32 IST 2025,GET,http://localhost:3000/rest/products/3/reviews,200,OK,43,385,185
485,Thu Apr 03 07:25:32 IST 2025,Thu Apr 03 07:25:32 IST 2025,GET,http://localhost:3000/rest/products/3/reviews,200,OK,20,385,185
486,Thu Apr 03 07:25:33 IST 2025,Thu Apr 03 07:25:33 IST 2025,GET,http://localhost:3000/rest/user/whoami,200,OK,4,383,11
487,Thu Apr 03 07:25:33 IST 2025,Thu Apr 03 07:25:33 IST 2025,GET,http://localhost:3000/rest/products/25/reviews,200,OK,18,384,30
488,Thu Apr 03 07:25:33 IST 2025,Thu Apr 03 07:25:33 IST 2025,GET,http://localhost:3000/rest/products/25/reviews,200,OK,25,384,30
489,Thu Apr 03 07:25:33 IST 2025,Thu Apr 03 07:25:33 IST 2025,GET,http://localhost:3000/rest/user/whoami,200,OK,6,383,11
490,Thu Apr 03 07:25:33 IST 2025,Thu Apr 03 07:25:33 IST 2025,GET,http://localhost:3000/rest/products/25/reviews,200,OK,14,384,30
491,Thu Apr 03 07:25:33 IST 2025,Thu Apr 03 07:25:33 IST 2025,GET,http://localhost:3000/rest/products/25/reviews,200,OK,27,384,30
492,Thu Apr 03 07:25:34 IST 2025,Thu Apr 03 07:25:34 IST 2025,GET,http://localhost:3000/rest/user/whoami,200,OK,4,383,11
493,Thu Apr 03 07:25:34 IST 2025,Thu Apr 03 07:25:34 IST 2025,GET,http://localhost:3000/rest/products/25/reviews,200,OK,16,384,30
494,Thu Apr 03 07:25:34 IST 2025,Thu Apr 03 07:25:34 IST 2025,GET,http://localhost:3000/rest/products/25/reviews,200,OK,31,384,30
495,Thu Apr 03 07:25:34 IST 2025,Thu Apr 03 07:25:34 IST 2025,GET,http://localhost:3000/rest/user/whoami,200,OK,5,383,11
496,Thu Apr 03 07:25:34 IST 2025,Thu Apr 03 07:25:34 IST 2025,GET,http://localhost:3000/rest/products/25/reviews,200,OK,30,384,30
497,Thu Apr 03 07:25:34 IST 2025,Thu Apr 03 07:25:34 IST 2025,GET,http://localhost:3000/rest/products/25/reviews,200,OK,41,384,30
498,Thu Apr 03 07:25:34 IST 2025,Thu Apr 03 07:25:34 IST 2025,GET,http://localhost:3000/rest/user/whoami,200,OK,6,383,11
499,Thu Apr 03 07:25:34 IST 2025,Thu Apr 03 07:25:34 IST 2025,GET,http://localhost:3000/rest/products/25/reviews,200,OK,30,384,30
500,Thu Apr 03 07:25:34 IST 2025,Thu Apr 03 07:25:34 IST 2025,GET,http://localhost:3000/rest/products/25/reviews,200,OK,40,384,30
501,Thu Apr 03 07:25:35 IST 2025,Thu Apr 03 07:25:35 IST 2025,GET,http://localhost:3000/rest/user/whoami,200,OK,5,383,11
502,Thu Apr 03 07:25:35 IST 2025,Thu Apr 03 07:25:35 IST 2025,GET,http://localhost:3000/rest/products/25/reviews,200,OK,22,384,30
503,Thu Apr 03 07:25:35 IST 2025,Thu Apr 03 07:25:35 IST 2025,GET,http://localhost:3000/rest/products/25/reviews,200,OK,31,384,30
504,Thu Apr 03 07:25:35 IST 2025,Thu Apr 03 07:25:35 IST 2025,GET,http://localhost:3000/rest/user/whoami,200,OK,8,383,11
505,Thu Apr 03 07:25:35 IST 2025,Thu Apr 03 07:25:35 IST 2025,GET,http://localhost:3000/rest/products/22/reviews,200,OK,30,385,177
506,Thu Apr 03 07:25:35 IST 2025,Thu Apr 03 07:25:35 IST 2025,GET,http://localhost:3000/rest/products/22/reviews,200,OK,42,385,177
507,Thu Apr 03 07:25:35 IST 2025,Thu Apr 03 07:25:35 IST 2025,GET,http://localhost:3000/rest/products/22/reviews,200,OK,20,385,177
508,Thu Apr 03 07:25:35 IST 2025,Thu Apr 03 07:25:35 IST 2025,GET,http://localhost:3000/rest/user/whoami,200,OK,4,383,11
509,Thu Apr 03 07:25:35 IST 2025,Thu Apr 03 07:25:35 IST 2025,GET,http://localhost:3000/rest/products/22/reviews,200,OK,24,385,177
510,Thu Apr 03 07:25:35 IST 2025,Thu Apr 03 07:25:35 IST 2025,GET,http://localhost:3000/rest/products/22/reviews,200,OK,30,385,177
511,Thu Apr 03 07:25:35 IST 2025,Thu Apr 03 07:25:36 IST 2025,GET,http://localhost:3000/rest/products/22/reviews,200,OK,22,385,177
512,Thu Apr 03 07:25:36 IST 2025,Thu Apr 03 07:25:36 IST 2025,GET,http://localhost:3000/rest/user/whoami,200,OK,4,383,11
513,Thu Apr 03 07:25:36 IST 2025,Thu Apr 03 07:25:36 IST 2025,GET,http://localhost:3000/rest/products/22/reviews,200,OK,23,385,177
514,Thu Apr 03 07:25:36 IST 2025,Thu Apr 03 07:25:36 IST 2025,GET,http://localhost:3000/rest/products/22/reviews,200,OK,39,385,177
515,Thu Apr 03 07:25:36 IST 2025,Thu Apr 03 07:25:36 IST 2025,GET,http://localhost:3000/rest/products/22/reviews,200,OK,19,385,177
516,Thu Apr 03 07:25:36 IST 2025,Thu Apr 03 07:25:36 IST 2025,GET,http://localhost:3000/rest/user/whoami,200,OK,9,383,11
517,Thu Apr 03 07:25:36 IST 2025,Thu Apr 03 07:25:36 IST 2025,GET,http://localhost:3000/rest/products/22/reviews,200,OK,32,385,177
518,Thu Apr 03 07:25:36 IST 2025,Thu Apr 03 07:25:36 IST 2025,GET,http://localhost:3000/rest/products/22/reviews,200,OK,44,385,177
519,Thu Apr 03 07:25:36 IST 2025,Thu Apr 03 07:25:36 IST 2025,GET,http://localhost:3000/rest/products/22/reviews,200,OK,16,385,177
520,Thu Apr 03 07:25:37 IST 2025,Thu Apr 03 07:25:37 IST 2025,GET,http://localhost:3000/rest/user/whoami,200,OK,4,383,11
521,Thu Apr 03 07:25:37 IST 2025,Thu Apr 03 07:25:37 IST 2025,GET,http://localhost:3000/rest/products/22/reviews,200,OK,25,385,177
522,Thu Apr 03 07:25:37 IST 2025,Thu Apr 03 07:25:37 IST 2025,GET,http://localhost:3000/rest/products/22/reviews,200,OK,42,385,177
523,Thu Apr 03 07:25:37 IST 2025,Thu Apr 03 07:25:37 IST 2025,GET,http://localhost:3000/rest/products/22/reviews,200,OK,17,385,177
524,Thu Apr 03 07:25:37 IST 2025,Thu Apr 03 07:25:37 IST 2025,GET,http://localhost:3000/rest/user/whoami,200,OK,4,383,11
525,Thu Apr 03 07:25:37 IST 2025,Thu Apr 03 07:25:37 IST 2025,GET,http://localhost:3000/rest/products/22/reviews,200,OK,38,385,177
526,Thu Apr 03 07:25:37 IST 2025,Thu Apr 03 07:25:37 IST 2025,GET,http://localhost:3000/rest/products/22/reviews,200,OK,66,385,177
527,Thu Apr 03 07:25:37 IST 2025,Thu Apr 03 07:25:37 IST 2025,GET,http://localhost:3000/rest/products/22/reviews,200,OK,44,385,177
528,Thu Apr 03 07:25:37 IST 2025,Thu Apr 03 07:25:37 IST 2025,GET,http://localhost:3000/rest/user/whoami,200,OK,5,383,11
529,Thu Apr 03 07:25:37 IST 2025,Thu Apr 03 07:25:37 IST 2025,GET,http://localhost:3000/rest/products/41/reviews,200,OK,31,386,284
530,Thu Apr 03 07:25:37 IST 2025,Thu Apr 03 07:25:37 IST 2025,GET,http://localhost:3000/rest/products/41/reviews,200,OK,38,386,284
531,Thu Apr 03 07:25:37 IST 2025,Thu Apr 03 07:25:37 IST 2025,GET,http://localhost:3000/rest/products/41/reviews,200,OK,26,386,284
532,Thu Apr 03 07:25:38 IST 2025,Thu Apr 03 07:25:38 IST 2025,GET,http://localhost:3000/rest/user/whoami,200,OK,4,383,11
533,Thu Apr 03 07:25:38 IST 2025,Thu Apr 03 07:25:38 IST 2025,GET,http://localhost:3000/rest/products/41/reviews,200,OK,16,386,284
534,Thu Apr 03 07:25:38 IST 2025,Thu Apr 03 07:25:38 IST 2025,GET,http://localhost:3000/rest/products/41/reviews,200,OK,28,386,284
535,Thu Apr 03 07:25:38 IST 2025,Thu Apr 03 07:25:38 IST 2025,GET,http://localhost:3000/rest/products/41/reviews,200,OK,26,386,284
536,Thu Apr 03 07:25:38 IST 2025,Thu Apr 03 07:25:38 IST 2025,GET,http://localhost:3000/rest/user/whoami,200,OK,4,383,11
537,Thu Apr 03 07:25:38 IST 2025,Thu Apr 03 07:25:38 IST 2025,GET,http://localhost:3000/rest/products/41/reviews,200,OK,20,386,284
538,Thu Apr 03 07:25:38 IST 2025,Thu Apr 03 07:25:38 IST 2025,GET,http://localhost:3000/rest/products/41/reviews,200,OK,33,386,284
539,Thu Apr 03 07:25:38 IST 2025,Thu Apr 03 07:25:38 IST 2025,GET,http://localhost:3000/rest/products/41/reviews,200,OK,14,386,284
540,Thu Apr 03 07:25:38 IST 2025,Thu Apr 03 07:25:38 IST 2025,GET,http://localhost:3000/rest/user/whoami,200,OK,9,383,11
541,Thu Apr 03 07:25:38 IST 2025,Thu Apr 03 07:25:38 IST 2025,GET,http://localhost:3000/rest/products/41/reviews,200,OK,36,386,284
542,Thu Apr 03 07:25:38 IST 2025,Thu Apr 03 07:25:38 IST 2025,GET,http://localhost:3000/rest/products/41/reviews,200,OK,50,386,284
543,Thu Apr 03 07:25:39 IST 2025,Thu Apr 03 07:25:39 IST 2025,GET,http://localhost:3000/rest/products/41/reviews,200,OK,17,386,284
544,Thu Apr 03 07:25:39 IST 2025,Thu Apr 03 07:25:39 IST 2025,GET,http://localhost:3000/rest/user/whoami,200,OK,11,383,11
545,Thu Apr 03 07:25:39 IST 2025,Thu Apr 03 07:25:39 IST 2025,GET,http://localhost:3000/rest/products/41/reviews,200,OK,11,386,284
546,Thu Apr 03 07:25:39 IST 2025,Thu Apr 03 07:25:39 IST 2025,GET,http://localhost:3000/rest/products/41/reviews,200,OK,25,386,284
547,Thu Apr 03 07:25:39 IST 2025,Thu Apr 03 07:25:39 IST 2025,GET,http://localhost:3000/rest/products/41/reviews,200,OK,36,386,284
548,Thu Apr 03 07:25:39 IST 2025,Thu Apr 03 07:25:39 IST 2025,GET,http://localhost:3000/rest/user/whoami,200,OK,6,383,11
549,Thu Apr 03 07:25:39 IST 2025,Thu Apr 03 07:25:39 IST 2025,GET,http://localhost:3000/rest/products/41/reviews,200,OK,28,386,284
550,Thu Apr 03 07:25:39 IST 2025,Thu Apr 03 07:25:39 IST 2025,GET,http://localhost:3000/rest/products/41/reviews,200,OK,36,386,284
551,Thu Apr 03 07:25:39 IST 2025,Thu Apr 03 07:25:39 IST 2025,GET,http://localhost:3000/rest/products/41/reviews,200,OK,20,386,284
552,Thu Apr 03 07:25:40 IST 2025,Thu Apr 03 07:25:40 IST 2025,GET,http://localhost:3000/rest/user/whoami,200,OK,4,383,11
553,Thu Apr 03 07:25:40 IST 2025,Thu Apr 03 07:25:40 IST 2025,GET,http://localhost:3000/rest/products/5/reviews,200,OK,32,384,30
554,Thu Apr 03 07:25:40 IST 2025,Thu Apr 03 07:25:40 IST 2025,GET,http://localhost:3000/rest/products/5/reviews,200,OK,52,384,30
555,Thu Apr 03 07:25:40 IST 2025,Thu Apr 03 07:25:40 IST 2025,GET,http://localhost:3000/rest/user/whoami,200,OK,5,383,11
556,Thu Apr 03 07:25:40 IST 2025,Thu Apr 03 07:25:40 IST 2025,GET,http://localhost:3000/rest/products/5/reviews,200,OK,19,384,30
557,Thu Apr 03 07:25:40 IST 2025,Thu Apr 03 07:25:40 IST 2025,GET,http://localhost:3000/rest/products/5/reviews,200,OK,34,384,30
558,Thu Apr 03 07:25:40 IST 2025,Thu Apr 03 07:25:40 IST 2025,GET,http://localhost:3000/rest/user/whoami,200,OK,6,383,11
559,Thu Apr 03 07:25:40 IST 2025,Thu Apr 03 07:25:40 IST 2025,GET,http://localhost:3000/rest/products/5/reviews,200,OK,14,384,30
560,Thu Apr 03 07:25:40 IST 2025,Thu Apr 03 07:25:40 IST 2025,GET,http://localhost:3000/rest/products/5/reviews,200,OK,24,384,30
561,Thu Apr 03 07:25:41 IST 2025,Thu Apr 03 07:25:41 IST 2025,GET,http://localhost:3000/rest/user/whoami,200,OK,5,383,11
562,Thu Apr 03 07:25:41 IST 2025,Thu Apr 03 07:25:41 IST 2025,GET,http://localhost:3000/rest/products/5/reviews,200,OK,26,384,30
563,Thu Apr 03 07:25:41 IST 2025,Thu Apr 03 07:25:41 IST 2025,GET,http://localhost:3000/rest/products/5/reviews,200,OK,41,384,30
564,Thu Apr 03 07:25:41 IST 2025,Thu Apr 03 07:25:41 IST 2025,GET,http://localhost:3000/rest/user/whoami,200,OK,7,383,11
565,Thu Apr 03 07:25:41 IST 2025,Thu Apr 03 07:25:41 IST 2025,GET,http://localhost:3000/rest/products/5/reviews,200,OK,32,384,30
566,Thu Apr 03 07:25:41 IST 2025,Thu Apr 03 07:25:41 IST 2025,GET,http://localhost:3000/rest/products/5/reviews,200,OK,42,384,30
567,Thu Apr 03 07:25:41 IST 2025,Thu Apr 03 07:25:41 IST 2025,GET,http://localhost:3000/rest/user/whoami,200,OK,8,383,11
568,Thu Apr 03 07:25:41 IST 2025,Thu Apr 03 07:25:41 IST 2025,GET,http://localhost:3000/rest/products/5/reviews,200,OK,26,384,30
569,Thu Apr 03 07:25:41 IST 2025,Thu Apr 03 07:25:41 IST 2025,GET,http://localhost:3000/rest/products/5/reviews,200,OK,44,384,30
570,Thu Apr 03 07:25:42 IST 2025,Thu Apr 03 07:25:42 IST 2025,GET,http://localhost:3000/rest/user/whoami,200,OK,6,383,11
571,Thu Apr 03 07:25:42 IST 2025,Thu Apr 03 07:25:42 IST 2025,GET,http://localhost:3000/rest/products/33/reviews,200,OK,21,384,30
572,Thu Apr 03 07:25:42 IST 2025,Thu Apr 03 07:25:42 IST 2025,GET,http://localhost:3000/rest/products/33/reviews,200,OK,37,384,30
573,Thu Apr 03 07:25:42 IST 2025,Thu Apr 03 07:25:42 IST 2025,GET,http://localhost:3000/rest/user/whoami,200,OK,6,383,11
574,Thu Apr 03 07:25:42 IST 2025,Thu Apr 03 07:25:42 IST 2025,GET,http://localhost:3000/rest/products/33/reviews,200,OK,32,384,30
575,Thu Apr 03 07:25:42 IST 2025,Thu Apr 03 07:25:42 IST 2025,GET,http://localhost:3000/rest/products/33/reviews,200,OK,41,384,30
576,Thu Apr 03 07:25:43 IST 2025,Thu Apr 03 07:25:43 IST 2025,GET,http://localhost:3000/rest/user/whoami,200,OK,8,383,11
577,Thu Apr 03 07:25:43 IST 2025,Thu Apr 03 07:25:43 IST 2025,GET,http://localhost:3000/rest/products/33/reviews,200,OK,25,384,30
578,Thu Apr 03 07:25:43 IST 2025,Thu Apr 03 07:25:43 IST 2025,GET,http://localhost:3000/rest/products/33/reviews,200,OK,42,384,30
579,Thu Apr 03 07:25:43 IST 2025,Thu Apr 03 07:25:43 IST 2025,GET,http://localhost:3000/rest/user/whoami,200,OK,6,383,11
580,Thu Apr 03 07:25:43 IST 2025,Thu Apr 03 07:25:43 IST 2025,GET,http://localhost:3000/rest/products/33/reviews,200,OK,20,384,30
581,Thu Apr 03 07:25:43 IST 2025,Thu Apr 03 07:25:43 IST 2025,GET,http://localhost:3000/rest/products/33/reviews,200,OK,28,384,30
582,Thu Apr 03 07:25:43 IST 2025,Thu Apr 03 07:25:43 IST 2025,GET,http://localhost:3000/rest/user/whoami,200,OK,6,383,11
583,Thu Apr 03 07:25:43 IST 2025,Thu Apr 03 07:25:43 IST 2025,GET,http://localhost:3000/rest/products/33/reviews,200,OK,31,384,30
584,Thu Apr 03 07:25:43 IST 2025,Thu Apr 03 07:25:43 IST 2025,GET,http://localhost:3000/rest/products/33/reviews,200,OK,50,384,30
585,Thu Apr 03 07:25:44 IST 2025,Thu Apr 03 07:25:44 IST 2025,GET,http://localhost:3000/rest/user/whoami,200,OK,7,383,11
586,Thu Apr 03 07:25:44 IST 2025,Thu Apr 03 07:25:44 IST 2025,GET,http://localhost:3000/rest/products/33/reviews,200,OK,30,384,30
587,Thu Apr 03 07:25:44 IST 2025,Thu Apr 03 07:25:44 IST 2025,GET,http://localhost:3000/rest/products/33/reviews,200,OK,40,384,30
588,Thu Apr 03 07:25:44 IST 2025,Thu Apr 03 07:25:44 IST 2025,GET,http://localhost:3000/rest/user/whoami,200,OK,6,383,11
589,Thu Apr 03 07:25:44 IST 2025,Thu Apr 03 07:25:44 IST 2025,GET,http://localhost:3000/rest/products/38/reviews,200,OK,32,386,352
590,Thu Apr 03 07:25:44 IST 2025,Thu Apr 03 07:25:44 IST 2025,GET,http://localhost:3000/rest/products/38/reviews,200,OK,47,386,352
591,Thu Apr 03 07:25:44 IST 2025,Thu Apr 03 07:25:44 IST 2025,GET,http://localhost:3000/rest/products/38/reviews,200,OK,26,386,352
592,Thu Apr 03 07:25:44 IST 2025,Thu Apr 03 07:25:44 IST 2025,GET,http://localhost:3000/rest/user/whoami,200,OK,6,383,11
593,Thu Apr 03 07:25:44 IST 2025,Thu Apr 03 07:25:44 IST 2025,GET,http://localhost:3000/rest/products/38/reviews,200,OK,25,386,352
594,Thu Apr 03 07:25:44 IST 2025,Thu Apr 03 07:25:44 IST 2025,GET,http://localhost:3000/rest/products/38/reviews,200,OK,45,386,352
595,Thu Apr 03 07:25:45 IST 2025,Thu Apr 03 07:25:45 IST 2025,GET,http://localhost:3000/rest/products/38/reviews,200,OK,32,386,352
596,Thu Apr 03 07:25:45 IST 2025,Thu Apr 03 07:25:45 IST 2025,GET,http://localhost:3000/rest/user/whoami,200,OK,3,383,11
597,Thu Apr 03 07:25:45 IST 2025,Thu Apr 03 07:25:45 IST 2025,GET,http://localhost:3000/rest/products/38/reviews,200,OK,14,386,352
598,Thu Apr 03 07:25:45 IST 2025,Thu Apr 03 07:25:45 IST 2025,GET,http://localhost:3000/rest/products/38/reviews,200,OK,26,386,352
599,Thu Apr 03 07:25:45 IST 2025,Thu Apr 03 07:25:45 IST 2025,GET,http://localhost:3000/rest/products/38/reviews,200,OK,16,386,352
600,Thu Apr 03 07:25:45 IST 2025,Thu Apr 03 07:25:45 IST 2025,GET,http://localhost:3000/rest/user/whoami,200,OK,4,383,11
601,Thu Apr 03 07:25:45 IST 2025,Thu Apr 03 07:25:45 IST 2025,GET,http://localhost:3000/rest/products/38/reviews,200,OK,15,386,352
602,Thu Apr 03 07:25:45 IST 2025,Thu Apr 03 07:25:45 IST 2025,GET,http://localhost:3000/rest/products/38/reviews,200,OK,32,386,352
603,Thu Apr 03 07:25:45 IST 2025,Thu Apr 03 07:25:45 IST 2025,GET,http://localhost:3000/rest/products/38/reviews,200,OK,27,386,352
604,Thu Apr 03 07:25:46 IST 2025,Thu Apr 03 07:25:46 IST 2025,GET,http://localhost:3000/rest/user/whoami,200,OK,4,383,11
605,Thu Apr 03 07:25:46 IST 2025,Thu Apr 03 07:25:46 IST 2025,GET,http://localhost:3000/rest/products/38/reviews,200,OK,38,386,352
606,Thu Apr 03 07:25:46 IST 2025,Thu Apr 03 07:25:46 IST 2025,GET,http://localhost:3000/rest/products/38/reviews,200,OK,36,386,352
607,Thu Apr 03 07:25:46 IST 2025,Thu Apr 03 07:25:46 IST 2025,GET,http://localhost:3000/rest/products/38/reviews,200,OK,16,386,352
608,Thu Apr 03 07:25:46 IST 2025,Thu Apr 03 07:25:46 IST 2025,GET,http://localhost:3000/rest/user/whoami,200,OK,4,383,11
609,Thu Apr 03 07:25:46 IST 2025,Thu Apr 03 07:25:46 IST 2025,GET,http://localhost:3000/rest/products/38/reviews,200,OK,13,386,352
610,Thu Apr 03 07:25:46 IST 2025,Thu Apr 03 07:25:46 IST 2025,GET,http://localhost:3000/rest/products/38/reviews,200,OK,30,386,352
611,Thu Apr 03 07:25:46 IST 2025,Thu Apr 03 07:25:46 IST 2025,GET,http://localhost:3000/rest/products/38/reviews,200,OK,16,386,352
612,Thu Apr 03 07:25:50 IST 2025,Thu Apr 03 07:25:50 IST 2025,GET,http://localhost:3000/font-mfizz.woff,200,OK,4,430,40904
613,Thu Apr 03 07:25:51 IST 2025,Thu Apr 03 07:25:51 IST 2025,GET,http://localhost:3000/snippets,200,OK,18,386,792
614,Thu Apr 03 07:25:51 IST 2025,Thu Apr 03 07:25:51 IST 2025,GET,http://localhost:3000/rest/admin/application-configuration,200,OK,26,389,21657
615,Thu Apr 03 07:25:51 IST 2025,Thu Apr 03 07:25:51 IST 2025,GET,http://localhost:3000/api/Challenges/?sort=name,200,OK,135,390,82384
616,Thu Apr 03 07:25:51 IST 2025,Thu Apr 03 07:25:51 IST 2025,GET,http://localhost:3000/tutorial.js,200,OK,11,481,36197
617,Thu Apr 03 07:25:52 IST 2025,Thu Apr 03 07:25:52 IST 2025,GET,http://localhost:3000/assets/public/images/padding/1px.png,200,OK,6,425,95
618,Thu Apr 03 07:26:29 IST 2025,Thu Apr 03 07:26:29 IST 2025,GET,http://localhost:3000/?name=abc,200,OK,5,469,71432
619,Thu Apr 03 07:26:29 IST 2025,Thu Apr 03 07:26:29 IST 2025,GET,http://localhost:3000/runtime.js,200,OK,7,479,3315
620,Thu Apr 03 07:26:29 IST 2025,Thu Apr 03 07:26:29 IST 2025,GET,http://localhost:3000/polyfills.js,200,OK,15,481,55492
621,Thu Apr 03 07:26:29 IST 2025,Thu Apr 03 07:26:29 IST 2025,GET,http://localhost:3000/main.js,200,OK,22,483,459087
622,Thu Apr 03 07:26:29 IST 2025,Thu Apr 03 07:26:29 IST 2025,GET,http://localhost:3000/vendor.js,200,OK,26,485,1653829
623,Thu Apr 03 07:26:29 IST 2025,Thu Apr 03 07:26:29 IST 2025,GET,http://localhost:3000/styles.css,200,OK,16,469,579145
624,Thu Apr 03 07:26:30 IST 2025,Thu Apr 03 07:26:30 IST 2025,GET,http://localhost:3000/assets/i18n/en.json,200,OK,4,475,32307
625,Thu Apr 03 07:26:30 IST 2025,Thu Apr 03 07:26:30 IST 2025,GET,http://localhost:3000/socket.io/?EIO=4&transport=polling&t=PNvNJKI,200,OK,3,230,96
626,Thu Apr 03 07:26:30 IST 2025,Thu Apr 03 07:26:30 IST 2025,GET,http://localhost:3000/rest/admin/application-version,200,OK,7,384,20
627,Thu Apr 03 07:26:30 IST 2025,Thu Apr 03 07:26:30 IST 2025,GET,http://localhost:3000/rest/admin/application-configuration,200,OK,25,389,21657
628,Thu Apr 03 07:26:30 IST 2025,Thu Apr 03 07:26:30 IST 2025,GET,http://localhost:3000/rest/admin/application-version,200,OK,48,384,20
629,Thu Apr 03 07:26:30 IST 2025,Thu Apr 03 07:26:30 IST 2025,GET,http://localhost:3000/rest/admin/application-configuration,200,OK,58,389,21657
630,Thu Apr 03 07:26:30 IST 2025,Thu Apr 03 07:26:30 IST 2025,GET,http://localhost:3000/rest/admin/application-configuration,200,OK,83,389,21657
631,Thu Apr 03 07:26:30 IST 2025,Thu Apr 03 07:26:30 IST 2025,GET,http://localhost:3000/rest/admin/application-configuration,200,OK,96,389,21657
632,Thu Apr 03 07:26:30 IST 2025,Thu Apr 03 07:26:30 IST 2025,GET,http://localhost:3000/assets/public/images/JuiceShop_Logo.png,200,OK,105,431,75029
633,Thu Apr 03 07:26:30 IST 2025,Thu Apr 03 07:26:30 IST 2025,GET,http://localhost:3000/rest/languages,200,OK,141,388,4866
636,Thu Apr 03 07:26:30 IST 2025,Thu Apr 03 07:26:30 IST 2025,GET,http://localhost:3000/socket.io/?EIO=4&transport=websocket&sid=FhAsiNCxmq2AbyyvAAAG,101,Switching Protocols,12,129,0
635,Thu Apr 03 07:26:30 IST 2025,Thu Apr 03 07:26:30 IST 2025,POST,http://localhost:3000/socket.io/?EIO=4&transport=polling&t=PNvNJM_&sid=FhAsiNCxmq2AbyyvAAAG,200,OK,12,213,2
634,Thu Apr 03 07:26:30 IST 2025,Thu Apr 03 07:26:30 IST 2025,GET,http://localhost:3000/socket.io/?EIO=4&transport=polling&t=PNvNJN1&sid=FhAsiNCxmq2AbyyvAAAG,200,OK,12,230,32
637,Thu Apr 03 07:26:30 IST 2025,Thu Apr 03 07:26:30 IST 2025,GET,http://localhost:3000/rest/admin/application-configuration,200,OK,4,389,21657
639,Thu Apr 03 07:26:30 IST 2025,Thu Apr 03 07:26:30 IST 2025,GET,http://localhost:3000/api/Challenges/?name=Score%20Board,200,OK,288,386,647
638,Thu Apr 03 07:26:30 IST 2025,Thu Apr 03 07:26:30 IST 2025,GET,http://localhost:3000/api/Challenges/?name=Score%20Board,200,OK,268,386,647
640,Thu Apr 03 07:26:30 IST 2025,Thu Apr 03 07:26:30 IST 2025,GET,http://localhost:3000/socket.io/?EIO=4&transport=polling&t=PNvNJNv&sid=FhAsiNCxmq2AbyyvAAAG,200,OK,152,229,1
641,Thu Apr 03 07:26:30 IST 2025,Thu Apr 03 07:26:30 IST 2025,GET,http://localhost:3000/assets/public/favicon_js.ico,200,OK,5,456,15086
642,Thu Apr 03 07:26:31 IST 2025,Thu Apr 03 07:26:31 IST 2025,GET,http://localhost:3000/snippets,200,OK,11,386,792
643,Thu Apr 03 07:26:31 IST 2025,Thu Apr 03 07:26:31 IST 2025,GET,http://localhost:3000/rest/admin/application-configuration,200,OK,19,389,21657
644,Thu Apr 03 07:26:31 IST 2025,Thu Apr 03 07:26:31 IST 2025,GET,http://localhost:3000/api/Challenges/?sort=name,200,OK,85,390,82384
645,Thu Apr 03 07:26:31 IST 2025,Thu Apr 03 07:26:31 IST 2025,GET,http://localhost:3000/assets/public/images/padding/1px.png,200,OK,10,425,95
646,Thu Apr 03 07:26:31 IST 2025,Thu Apr 03 07:26:31 IST 2025,GET,http://localhost:3000/tutorial.js,200,OK,9,481,36197
647,Thu Apr 03 07:27:08 IST 2025,Thu Apr 03 07:27:08 IST 2025,GET,http://localhost:3000/?class.module.classLoader.DefaultAssertionStatus=nonsense,200,OK,7,469,71432
648,Thu Apr 03 07:27:08 IST 2025,Thu Apr 03 07:27:08 IST 2025,POST,http://localhost:3000/,200,OK,18,469,71432
649,Thu Apr 03 07:27:08 IST 2025,Thu Apr 03 07:27:08 IST 2025,GET,http://localhost:3000/latest/meta-data/,200,OK,30,469,71432
653,Thu Apr 03 07:27:08 IST 2025,Thu Apr 03 07:27:08 IST 2025,GET,http://localhost:3000/,200,OK,4,469,71432
654,Thu Apr 03 07:27:08 IST 2025,Thu Apr 03 07:27:08 IST 2025,GET,http://localhost:3000/elmah.axd,200,OK,30,469,71432
655,Thu Apr 03 07:27:08 IST 2025,Thu Apr 03 07:27:08 IST 2025,GET,http://localhost:3000/trace.axd,200,OK,27,469,71432
656,Thu Apr 03 07:27:08 IST 2025,Thu Apr 03 07:27:08 IST 2025,GET,http://localhost:3000/.htaccess,200,OK,14,469,71432
657,Thu Apr 03 07:27:08 IST 2025,Thu Apr 03 07:27:08 IST 2025,GET,http://localhost:3000/.env,200,OK,19,469,71432
658,Thu Apr 03 07:27:08 IST 2025,Thu Apr 03 07:27:08 IST 2025,GET,http://localhost:3000/lfm.php,200,OK,28,469,71432
659,Thu Apr 03 07:27:08 IST 2025,Thu Apr 03 07:27:08 IST 2025,GET,http://localhost:3000/actuator/health,200,OK,27,469,71432
660,Thu Apr 03 07:27:08 IST 2025,Thu Apr 03 07:27:08 IST 2025,GET,http://localhost:3000/.idea/WebServers.xml,200,OK,24,469,71432
661,Thu Apr 03 07:27:08 IST 2025,Thu Apr 03 07:27:08 IST 2025,GET,http://localhost:3000/actuator/health,200,OK,23,469,71432
662,Thu Apr 03 07:27:08 IST 2025,Thu Apr 03 07:27:08 IST 2025,GET,http://localhost:3000/config/databases.yml,200,OK,11,469,71432
663,Thu Apr 03 07:27:08 IST 2025,Thu Apr 03 07:27:08 IST 2025,GET,http://localhost:3000/config/database.yml,200,OK,16,469,71432
664,Thu Apr 03 07:27:08 IST 2025,Thu Apr 03 07:27:08 IST 2025,GET,http://localhost:3000/.git/config,200,OK,13,469,71432
665,Thu Apr 03 07:27:08 IST 2025,Thu Apr 03 07:27:08 IST 2025,GET,http://localhost:3000/.svn/entries,200,OK,18,469,71432
666,Thu Apr 03 07:27:08 IST 2025,Thu Apr 03 07:27:08 IST 2025,GET,http://localhost:3000/.svn/wc.db,200,OK,23,469,71432
667,Thu Apr 03 07:27:08 IST 2025,Thu Apr 03 07:27:08 IST 2025,GET,http://localhost:3000/CVS/root,200,OK,12,469,71432
668,Thu Apr 03 07:27:08 IST 2025,Thu Apr 03 07:27:08 IST 2025,GET,http://localhost:3000/server-status,200,OK,11,469,71432
669,Thu Apr 03 07:27:08 IST 2025,Thu Apr 03 07:27:08 IST 2025,GET,http://localhost:3000/core,200,OK,17,469,71432
670,Thu Apr 03 07:27:08 IST 2025,Thu Apr 03 07:27:08 IST 2025,GET,http://localhost:3000/sftp-config.json,200,OK,9,469,71432
671,Thu Apr 03 07:27:08 IST 2025,Thu Apr 03 07:27:08 IST 2025,GET,http://localhost:3000/WS_FTP.ini,200,OK,11,469,71432
672,Thu Apr 03 07:27:08 IST 2025,Thu Apr 03 07:27:08 IST 2025,GET,http://localhost:3000/ws_ftp.ini,200,OK,11,469,71432
673,Thu Apr 03 07:27:08 IST 2025,Thu Apr 03 07:27:08 IST 2025,GET,http://localhost:3000/WS_FTP.INI,200,OK,8,469,71432
674,Thu Apr 03 07:27:08 IST 2025,Thu Apr 03 07:27:08 IST 2025,GET,http://localhost:3000/filezilla.xml,200,OK,12,469,71432
675,Thu Apr 03 07:27:09 IST 2025,Thu Apr 03 07:27:09 IST 2025,GET,http://localhost:3000/sitemanager.xml,200,OK,9,469,71432
676,Thu Apr 03 07:27:09 IST 2025,Thu Apr 03 07:27:09 IST 2025,GET,http://localhost:3000/FileZilla.xml,200,OK,8,469,71432
677,Thu Apr 03 07:27:09 IST 2025,Thu Apr 03 07:27:09 IST 2025,GET,http://localhost:3000/winscp.ini,200,OK,13,469,71432
678,Thu Apr 03 07:27:09 IST 2025,Thu Apr 03 07:27:09 IST 2025,GET,http://localhost:3000/WinSCP.ini,200,OK,8,469,71432
679,Thu Apr 03 07:27:09 IST 2025,Thu Apr 03 07:27:09 IST 2025,GET,http://localhost:3000/.DS_Store,200,OK,9,469,71432
680,Thu Apr 03 07:27:09 IST 2025,Thu Apr 03 07:27:09 IST 2025,GET,http://localhost:3000/.php_cs.cache,200,OK,23,469,71432
681,Thu Apr 03 07:27:09 IST 2025,Thu Apr 03 07:27:09 IST 2025,GET,http://localhost:3000/DEADJOE,200,OK,10,469,71432
682,Thu Apr 03 07:27:09 IST 2025,Thu Apr 03 07:27:09 IST 2025,GET,http://localhost:3000/sites/default/private/files/backup_migrate/scheduled/test.txt,200,OK,8,469,71432
683,Thu Apr 03 07:27:09 IST 2025,Thu Apr 03 07:27:09 IST 2025,GET,http://localhost:3000/app/etc/local.xml,200,OK,8,469,71432
684,Thu Apr 03 07:27:09 IST 2025,Thu Apr 03 07:27:09 IST 2025,GET,http://localhost:3000/server.key,200,OK,10,469,71432
685,Thu Apr 03 07:27:09 IST 2025,Thu Apr 03 07:27:09 IST 2025,GET,http://localhost:3000/privatekey.key,200,OK,11,469,71432
686,Thu Apr 03 07:27:09 IST 2025,Thu Apr 03 07:27:09 IST 2025,GET,http://localhost:3000/myserver.key,200,OK,16,469,71432
687,Thu Apr 03 07:27:09 IST 2025,Thu Apr 03 07:27:09 IST 2025,GET,http://localhost:3000/key.pem,200,OK,8,469,71432
688,Thu Apr 03 07:27:09 IST 2025,Thu Apr 03 07:27:09 IST 2025,GET,http://localhost:3000/id_rsa,200,OK,8,469,71432
689,Thu Apr 03 07:27:09 IST 2025,Thu Apr 03 07:27:09 IST 2025,GET,http://localhost:3000/id_dsa,200,OK,19,469,71432
690,Thu Apr 03 07:27:09 IST 2025,Thu Apr 03 07:27:09 IST 2025,GET,http://localhost:3000/.ssh/id_rsa,200,OK,9,469,71432
691,Thu Apr 03 07:27:09 IST 2025,Thu Apr 03 07:27:09 IST 2025,GET,http://localhost:3000/.ssh/id_dsa,200,OK,14,469,71432
692,Thu Apr 03 07:27:09 IST 2025,Thu Apr 03 07:27:09 IST 2025,GET,http://localhost:3000/adminer.php,200,OK,8,469,71432
693,Thu Apr 03 07:27:09 IST 2025,Thu Apr 03 07:27:09 IST 2025,GET,http://localhost:3000/vb_test.php,200,OK,25,469,71432
694,Thu Apr 03 07:27:09 IST 2025,Thu Apr 03 07:27:09 IST 2025,GET,http://localhost:3000/CHANGELOG.txt,200,OK,14,469,71432
695,Thu Apr 03 07:27:09 IST 2025,Thu Apr 03 07:27:09 IST 2025,GET,http://localhost:3000/sites/default/files/.ht.sqlite,200,OK,8,469,71432
696,Thu Apr 03 07:27:09 IST 2025,Thu Apr 03 07:27:09 IST 2025,GET,http://localhost:3000/composer.json,200,OK,12,469,71432
697,Thu Apr 03 07:27:09 IST 2025,Thu Apr 03 07:27:09 IST 2025,GET,http://localhost:3000/composer.lock,200,OK,9,469,71432
698,Thu Apr 03 07:27:09 IST 2025,Thu Apr 03 07:27:09 IST 2025,GET,http://localhost:3000/vim_settings.xml,200,OK,8,469,71432
699,Thu Apr 03 07:27:09 IST 2025,Thu Apr 03 07:27:09 IST 2025,GET,http://localhost:3000/server-info,200,OK,8,469,71432
700,Thu Apr 03 07:27:09 IST 2025,Thu Apr 03 07:27:09 IST 2025,GET,http://localhost:3000/phpinfo.php,200,OK,11,469,71432
701,Thu Apr 03 07:27:09 IST 2025,Thu Apr 03 07:27:09 IST 2025,GET,http://localhost:3000/info.php,200,OK,26,469,71432
702,Thu Apr 03 07:27:09 IST 2025,Thu Apr 03 07:27:09 IST 2025,GET,http://localhost:3000/i.php,200,OK,11,469,71432
703,Thu Apr 03 07:27:09 IST 2025,Thu Apr 03 07:27:09 IST 2025,GET,http://localhost:3000/test.php,200,OK,7,469,71432
704,Thu Apr 03 07:27:09 IST 2025,Thu Apr 03 07:27:09 IST 2025,GET,http://localhost:3000/_wpeprivate/config.json,200,OK,14,469,71432
705,Thu Apr 03 07:27:09 IST 2025,Thu Apr 03 07:27:09 IST 2025,GET,http://localhost:3000/_framework/blazor.boot.json,200,OK,19,469,71432
706,Thu Apr 03 07:27:09 IST 2025,Thu Apr 03 07:27:09 IST 2025,GET,http://localhost:3000/.hg,200,OK,9,469,71432
707,Thu Apr 03 07:27:09 IST 2025,Thu Apr 03 07:27:09 IST 2025,GET,http://localhost:3000/.bzr,200,OK,8,469,71432
708,Thu Apr 03 07:27:09 IST 2025,Thu Apr 03 07:27:09 IST 2025,GET,http://localhost:3000/._darcs,200,OK,8,469,71432
709,Thu Apr 03 07:27:09 IST 2025,Thu Apr 03 07:27:09 IST 2025,GET,http://localhost:3000/BitKeeper,200,OK,13,469,71432
710,Thu Apr 03 07:27:09 IST 2025,Thu Apr 03 07:27:09 IST 2025,GET,http://localhost:3000/,200,OK,3,469,71432
711,Thu Apr 03 07:27:09 IST 2025,Thu Apr 03 07:27:09 IST 2025,GET,http://localhost:3000/,200,OK,3,469,71432
712,Thu Apr 03 07:27:09 IST 2025,Thu Apr 03 07:27:09 IST 2025,GET,http://localhost:3000/,200,OK,4,469,71432
713,Thu Apr 03 07:27:09 IST 2025,Thu Apr 03 07:27:09 IST 2025,GET,http://localhost:3000/,200,OK,4,469,71432
714,Thu Apr 03 07:27:09 IST 2025,Thu Apr 03 07:27:09 IST 2025,GET,http://localhost:3000/,200,OK,3,469,71432
715,Thu Apr 03 07:27:09 IST 2025,Thu Apr 03 07:27:09 IST 2025,GET,http://localhost:3000/,200,OK,3,469,71432
716,Thu Apr 03 07:27:09 IST 2025,Thu Apr 03 07:27:09 IST 2025,GET,http://localhost:3000/,200,OK,13,469,71432
717,Thu Apr 03 07:27:09 IST 2025,Thu Apr 03 07:27:09 IST 2025,GET,http://localhost:3000/,200,OK,4,469,71432
718,Thu Apr 03 07:27:09 IST 2025,Thu Apr 03 07:27:09 IST 2025,GET,http://localhost:3000/,200,OK,4,469,71432
719,Thu Apr 03 07:27:09 IST 2025,Thu Apr 03 07:27:09 IST 2025,GET,http://localhost:3000/,200,OK,4,469,71432
720,Thu Apr 03 07:27:09 IST 2025,Thu Apr 03 07:27:09 IST 2025,GET,http://localhost:3000/,200,OK,4,469,71432
721,Thu Apr 03 07:27:09 IST 2025,Thu Apr 03 07:27:09 IST 2025,GET,http://localhost:3000/,200,OK,3,469,71432
