Processed,ID,Req. Timestamp,Method,URL,Code,Reason,RTT,Size Resp. Header,Size Resp. Body,Highest Alert,Note,Tags
Processed,176,Sun Mar 30 21:28:17 IST 2025,GET,http://192.168.2.130:3000/,200,OK,24,469,71432,Medium,false,"Script, Comment"
Processed,237,Sun Mar 30 21:28:24 IST 2025,GET,http://192.168.2.130:3000/,304,Not Modified,29,393,0,Medium,false,
Processed,279,Sun Mar 30 21:28:39 IST 2025,GET,http://192.168.2.130:3000/,304,Not Modified,6,393,0,Medium,false,
Processed,318,Sun Mar 30 21:28:45 IST 2025,GET,http://192.168.2.130:3000/,200,OK,24,469,71432,Medium,false,"Script, Comment"
Processed,360,Sun Mar 30 21:28:49 IST 2025,GET,http://192.168.2.130:3000/,304,Not Modified,10,393,0,Medium,false,
Processed,409,Sun Mar 30 21:29:04 IST 2025,GET,http://192.168.2.130:3000/,304,Not Modified,9,393,0,Medium,false,
Processed,427,Sun Mar 30 21:29:06 IST 2025,GET,http://192.168.2.130:3000/,304,Not Modified,29,393,0,Medium,false,
Processed,487,Sun Mar 30 21:29:17 IST 2025,GET,http://192.168.2.130:3000/,304,Not Modified,27,393,0,Medium,false,
Processed,524,Sun Mar 30 21:29:20 IST 2025,GET,http://192.168.2.130:3000/,304,Not Modified,12,393,0,Medium,false,
Processed,560,Sun Mar 30 21:29:24 IST 2025,GET,http://192.168.2.130:3000/,304,Not Modified,8,393,0,Medium,false,
Processed,566,Sun Mar 30 21:29:24 IST 2025,GET,http://192.168.2.130:3000/,304,Not Modified,13,393,0,Medium,false,
Processed,217,Sun Mar 30 21:28:20 IST 2025,GET,http://192.168.2.130:3000/api/Challenges/?name=Score%20Board,200,OK,697,386,647,Medium,false,JSON
Processed,219,Sun Mar 30 21:28:20 IST 2025,GET,http://192.168.2.130:3000/api/Challenges/?name=Score%20Board,200,OK,701,386,647,Medium,false,JSON
Processed,253,Sun Mar 30 21:28:26 IST 2025,GET,http://192.168.2.130:3000/api/Challenges/?name=Score%20Board,304,Not Modified,666,305,0,Medium,false,
Processed,254,Sun Mar 30 21:28:26 IST 2025,GET,http://192.168.2.130:3000/api/Challenges/?name=Score%20Board,200,OK,667,386,647,Medium,false,JSON
Processed,298,Sun Mar 30 21:28:40 IST 2025,GET,http://192.168.2.130:3000/api/Challenges/?name=Score%20Board,304,Not Modified,602,305,0,Medium,false,
Processed,300,Sun Mar 30 21:28:40 IST 2025,GET,http://192.168.2.130:3000/api/Challenges/?name=Score%20Board,200,OK,603,386,647,Medium,false,JSON
Processed,340,Sun Mar 30 21:28:47 IST 2025,GET,http://192.168.2.130:3000/api/Challenges/?name=Score%20Board,200,OK,540,386,647,Medium,false,JSON
Processed,341,Sun Mar 30 21:28:47 IST 2025,GET,http://192.168.2.130:3000/api/Challenges/?name=Score%20Board,200,OK,553,386,647,Medium,false,JSON
Processed,378,Sun Mar 30 21:28:52 IST 2025,GET,http://192.168.2.130:3000/api/Challenges/?name=Score%20Board,200,OK,218,386,647,Medium,false,JSON
Processed,379,Sun Mar 30 21:28:52 IST 2025,GET,http://192.168.2.130:3000/api/Challenges/?name=Score%20Board,304,Not Modified,273,305,0,Medium,false,
Processed,425,Sun Mar 30 21:29:06 IST 2025,GET,http://192.168.2.130:3000/api/Challenges/?name=Score%20Board,304,Not Modified,399,305,0,Medium,false,
Processed,426,Sun Mar 30 21:29:06 IST 2025,GET,http://192.168.2.130:3000/api/Challenges/?name=Score%20Board,200,OK,327,386,647,Medium,false,JSON
Processed,462,Sun Mar 30 21:29:08 IST 2025,GET,http://192.168.2.130:3000/api/Challenges/?name=Score%20Board,304,Not Modified,317,305,0,Medium,false,
Processed,463,Sun Mar 30 21:29:08 IST 2025,GET,http://192.168.2.130:3000/api/Challenges/?name=Score%20Board,200,OK,247,386,647,Medium,false,JSON
Processed,503,Sun Mar 30 21:29:18 IST 2025,GET,http://192.168.2.130:3000/api/Challenges/?name=Score%20Board,304,Not Modified,276,305,0,Medium,false,
Processed,508,Sun Mar 30 21:29:18 IST 2025,GET,http://192.168.2.130:3000/api/Challenges/?name=Score%20Board,200,OK,324,386,647,Medium,false,JSON
Processed,540,Sun Mar 30 21:29:22 IST 2025,GET,http://192.168.2.130:3000/api/Challenges/?name=Score%20Board,200,OK,211,386,647,Medium,false,JSON
Processed,541,Sun Mar 30 21:29:22 IST 2025,GET,http://192.168.2.130:3000/api/Challenges/?name=Score%20Board,304,Not Modified,241,305,0,Medium,false,
Processed,586,Sun Mar 30 21:29:25 IST 2025,GET,http://192.168.2.130:3000/api/Challenges/?name=Score%20Board,304,Not Modified,590,305,0,Medium,false,
Processed,587,Sun Mar 30 21:29:25 IST 2025,GET,http://192.168.2.130:3000/api/Challenges/?name=Score%20Board,200,OK,557,386,647,Medium,false,JSON
Processed,614,Sun Mar 30 21:29:26 IST 2025,GET,http://192.168.2.130:3000/api/Challenges/?name=Score%20Board,304,Not Modified,835,305,0,Medium,false,
Processed,616,Sun Mar 30 21:29:26 IST 2025,GET,http://192.168.2.130:3000/api/Challenges/?name=Score%20Board,200,OK,835,386,647,Medium,false,JSON
Processed,214,Sun Mar 30 21:28:20 IST 2025,GET,http://192.168.2.130:3000/api/Quantitys/,200,OK,403,388,6258,Medium,false,JSON
Processed,259,Sun Mar 30 21:28:28 IST 2025,GET,http://192.168.2.130:3000/api/Quantitys/,304,Not Modified,149,306,0,Medium,false,
Processed,302,Sun Mar 30 21:28:40 IST 2025,GET,http://192.168.2.130:3000/api/Quantitys/,304,Not Modified,403,306,0,Medium,false,
Processed,342,Sun Mar 30 21:28:48 IST 2025,GET,http://192.168.2.130:3000/api/Quantitys/,200,OK,340,388,6258,Medium,false,JSON
Processed,381,Sun Mar 30 21:28:53 IST 2025,GET,http://192.168.2.130:3000/api/Quantitys/,304,Not Modified,71,306,0,Medium,false,
Processed,429,Sun Mar 30 21:29:06 IST 2025,GET,http://192.168.2.130:3000/api/Quantitys/,304,Not Modified,116,306,0,Medium,false,
Processed,465,Sun Mar 30 21:29:09 IST 2025,GET,http://192.168.2.130:3000/api/Quantitys/,304,Not Modified,93,306,0,Medium,false,
Processed,509,Sun Mar 30 21:29:18 IST 2025,GET,http://192.168.2.130:3000/api/Quantitys/,304,Not Modified,167,306,0,Medium,false,
Processed,543,Sun Mar 30 21:29:22 IST 2025,GET,http://192.168.2.130:3000/api/Quantitys/,304,Not Modified,88,306,0,Medium,false,
Processed,589,Sun Mar 30 21:29:25 IST 2025,GET,http://192.168.2.130:3000/api/Quantitys/,304,Not Modified,389,306,0,Medium,false,
Processed,615,Sun Mar 30 21:29:26 IST 2025,GET,http://192.168.2.130:3000/api/Quantitys/,304,Not Modified,515,306,0,Medium,false,
Processed,195,Sun Mar 30 21:28:19 IST 2025,GET,http://192.168.2.130:3000/assets/i18n/en.json,200,OK,14,475,32307,Medium,false,JSON
Processed,243,Sun Mar 30 21:28:26 IST 2025,GET,http://192.168.2.130:3000/assets/i18n/en.json,304,Not Modified,8,392,0,Medium,false,
Processed,286,Sun Mar 30 21:28:40 IST 2025,GET,http://192.168.2.130:3000/assets/i18n/en.json,304,Not Modified,7,392,0,Medium,false,
Processed,328,Sun Mar 30 21:28:47 IST 2025,GET,http://192.168.2.130:3000/assets/i18n/en.json,200,OK,8,475,32307,Medium,false,JSON
Processed,368,Sun Mar 30 21:28:52 IST 2025,GET,http://192.168.2.130:3000/assets/i18n/en.json,304,Not Modified,13,392,0,Medium,false,
Processed,415,Sun Mar 30 21:29:06 IST 2025,GET,http://192.168.2.130:3000/assets/i18n/en.json,304,Not Modified,15,392,0,Medium,false,
Processed,451,Sun Mar 30 21:29:08 IST 2025,GET,http://192.168.2.130:3000/assets/i18n/en.json,304,Not Modified,24,392,0,Medium,false,
Processed,493,Sun Mar 30 21:29:18 IST 2025,GET,http://192.168.2.130:3000/assets/i18n/en.json,304,Not Modified,7,392,0,Medium,false,
Processed,531,Sun Mar 30 21:29:22 IST 2025,GET,http://192.168.2.130:3000/assets/i18n/en.json,304,Not Modified,9,392,0,Medium,false,
Processed,573,Sun Mar 30 21:29:25 IST 2025,GET,http://192.168.2.130:3000/assets/i18n/en.json,304,Not Modified,14,392,0,Medium,false,
Processed,585,Sun Mar 30 21:29:26 IST 2025,GET,http://192.168.2.130:3000/assets/i18n/en.json,304,Not Modified,33,392,0,Medium,false,
Processed,220,Sun Mar 30 21:28:20 IST 2025,GET,http://192.168.2.130:3000/assets/public/favicon_js.ico,200,OK,21,456,15086,Medium,false,
Processed,346,Sun Mar 30 21:28:48 IST 2025,GET,http://192.168.2.130:3000/assets/public/favicon_js.ico,200,OK,12,456,15086,Medium,false,
Processed,486,Sun Mar 30 21:29:15 IST 2025,GET,http://192.168.2.130:3000/assets/public/images/hackingInstructor.png,200,OK,20,427,824,Medium,false,
Processed,208,Sun Mar 30 21:28:20 IST 2025,GET,http://192.168.2.130:3000/assets/public/images/JuiceShop_Logo.png,200,OK,259,431,75029,Medium,false,Comment
Processed,251,Sun Mar 30 21:28:26 IST 2025,GET,http://192.168.2.130:3000/assets/public/images/JuiceShop_Logo.png,304,Not Modified,141,393,0,Medium,false,
Processed,294,Sun Mar 30 21:28:40 IST 2025,GET,http://192.168.2.130:3000/assets/public/images/JuiceShop_Logo.png,304,Not Modified,48,393,0,Medium,false,
Processed,337,Sun Mar 30 21:28:48 IST 2025,GET,http://192.168.2.130:3000/assets/public/images/JuiceShop_Logo.png,200,OK,141,431,75029,Medium,false,Comment
Processed,377,Sun Mar 30 21:28:53 IST 2025,GET,http://192.168.2.130:3000/assets/public/images/JuiceShop_Logo.png,304,Not Modified,6,393,0,Medium,false,
Processed,422,Sun Mar 30 21:29:06 IST 2025,GET,http://192.168.2.130:3000/assets/public/images/JuiceShop_Logo.png,304,Not Modified,122,393,0,Medium,false,
Processed,461,Sun Mar 30 21:29:09 IST 2025,GET,http://192.168.2.130:3000/assets/public/images/JuiceShop_Logo.png,304,Not Modified,7,393,0,Medium,false,
Processed,501,Sun Mar 30 21:29:18 IST 2025,GET,http://192.168.2.130:3000/assets/public/images/JuiceShop_Logo.png,304,Not Modified,21,393,0,Medium,false,
Processed,539,Sun Mar 30 21:29:22 IST 2025,GET,http://192.168.2.130:3000/assets/public/images/JuiceShop_Logo.png,304,Not Modified,10,393,0,Medium,false,
Processed,580,Sun Mar 30 21:29:25 IST 2025,GET,http://192.168.2.130:3000/assets/public/images/JuiceShop_Logo.png,304,Not Modified,185,393,0,Medium,false,
Processed,596,Sun Mar 30 21:29:26 IST 2025,GET,http://192.168.2.130:3000/assets/public/images/JuiceShop_Logo.png,304,Not Modified,316,393,0,Medium,false,
Processed,226,Sun Mar 30 21:28:21 IST 2025,GET,http://192.168.2.130:3000/assets/public/images/products/apple_juice.jpg,200,OK,27,431,15291,Medium,false,
Processed,262,Sun Mar 30 21:28:28 IST 2025,GET,http://192.168.2.130:3000/assets/public/images/products/apple_juice.jpg,304,Not Modified,12,392,0,Medium,false,
Processed,306,Sun Mar 30 21:28:41 IST 2025,GET,http://192.168.2.130:3000/assets/public/images/products/apple_juice.jpg,304,Not Modified,16,392,0,Medium,false,
Processed,351,Sun Mar 30 21:28:49 IST 2025,GET,http://192.168.2.130:3000/assets/public/images/products/apple_juice.jpg,200,OK,35,431,15291,Medium,false,
Processed,387,Sun Mar 30 21:28:54 IST 2025,GET,http://192.168.2.130:3000/assets/public/images/products/apple_juice.jpg,304,Not Modified,17,392,0,Medium,false,
Processed,439,Sun Mar 30 21:29:07 IST 2025,GET,http://192.168.2.130:3000/assets/public/images/products/apple_juice.jpg,304,Not Modified,23,392,0,Medium,false,
Processed,470,Sun Mar 30 21:29:11 IST 2025,GET,http://192.168.2.130:3000/assets/public/images/products/apple_juice.jpg,304,Not Modified,10,392,0,Medium,false,
Processed,511,Sun Mar 30 21:29:19 IST 2025,GET,http://192.168.2.130:3000/assets/public/images/products/apple_juice.jpg,304,Not Modified,9,392,0,Medium,false,
Processed,547,Sun Mar 30 21:29:23 IST 2025,GET,http://192.168.2.130:3000/assets/public/images/products/apple_juice.jpg,304,Not Modified,4,392,0,Medium,false,
Processed,594,Sun Mar 30 21:29:26 IST 2025,GET,http://192.168.2.130:3000/assets/public/images/products/apple_juice.jpg,304,Not Modified,132,392,0,Medium,false,
Processed,618,Sun Mar 30 21:29:27 IST 2025,GET,http://192.168.2.130:3000/assets/public/images/products/apple_juice.jpg,304,Not Modified,13,392,0,Medium,false,
Processed,223,Sun Mar 30 21:28:21 IST 2025,GET,http://192.168.2.130:3000/assets/public/images/products/apple_pressings.jpg,200,OK,18,431,29163,Medium,false,Comment
Processed,261,Sun Mar 30 21:28:28 IST 2025,GET,http://192.168.2.130:3000/assets/public/images/products/apple_pressings.jpg,304,Not Modified,8,392,0,Medium,false,
Processed,304,Sun Mar 30 21:28:41 IST 2025,GET,http://192.168.2.130:3000/assets/public/images/products/apple_pressings.jpg,304,Not Modified,17,392,0,Medium,false,
Processed,350,Sun Mar 30 21:28:49 IST 2025,GET,http://192.168.2.130:3000/assets/public/images/products/apple_pressings.jpg,200,OK,15,431,29163,Medium,false,Comment
Processed,386,Sun Mar 30 21:28:54 IST 2025,GET,http://192.168.2.130:3000/assets/public/images/products/apple_pressings.jpg,304,Not Modified,12,392,0,Medium,false,
Processed,440,Sun Mar 30 21:29:07 IST 2025,GET,http://192.168.2.130:3000/assets/public/images/products/apple_pressings.jpg,304,Not Modified,10,392,0,Medium,false,
Processed,471,Sun Mar 30 21:29:11 IST 2025,GET,http://192.168.2.130:3000/assets/public/images/products/apple_pressings.jpg,304,Not Modified,5,392,0,Medium,false,
Processed,512,Sun Mar 30 21:29:19 IST 2025,GET,http://192.168.2.130:3000/assets/public/images/products/apple_pressings.jpg,304,Not Modified,6,392,0,Medium,false,
Processed,548,Sun Mar 30 21:29:23 IST 2025,GET,http://192.168.2.130:3000/assets/public/images/products/apple_pressings.jpg,304,Not Modified,12,392,0,Medium,false,
Processed,600,Sun Mar 30 21:29:26 IST 2025,GET,http://192.168.2.130:3000/assets/public/images/products/apple_pressings.jpg,304,Not Modified,348,392,0,Medium,false,
Processed,619,Sun Mar 30 21:29:27 IST 2025,GET,http://192.168.2.130:3000/assets/public/images/products/apple_pressings.jpg,304,Not Modified,16,392,0,Medium,false,
Processed,225,Sun Mar 30 21:28:21 IST 2025,GET,http://192.168.2.130:3000/assets/public/images/products/artwork2.jpg,200,OK,15,431,35878,Medium,false,Comment
Processed,266,Sun Mar 30 21:28:28 IST 2025,GET,http://192.168.2.130:3000/assets/public/images/products/artwork2.jpg,304,Not Modified,20,392,0,Medium,false,
Processed,307,Sun Mar 30 21:28:41 IST 2025,GET,http://192.168.2.130:3000/assets/public/images/products/artwork2.jpg,304,Not Modified,19,392,0,Medium,false,
Processed,359,Sun Mar 30 21:28:49 IST 2025,GET,http://192.168.2.130:3000/assets/public/images/products/artwork2.jpg,200,OK,48,431,35878,Medium,false,Comment
Processed,389,Sun Mar 30 21:28:54 IST 2025,GET,http://192.168.2.130:3000/assets/public/images/products/artwork2.jpg,304,Not Modified,8,392,0,Medium,false,
Processed,442,Sun Mar 30 21:29:07 IST 2025,GET,http://192.168.2.130:3000/assets/public/images/products/artwork2.jpg,304,Not Modified,11,392,0,Medium,false,
Processed,473,Sun Mar 30 21:29:11 IST 2025,GET,http://192.168.2.130:3000/assets/public/images/products/artwork2.jpg,304,Not Modified,11,392,0,Medium,false,
Processed,514,Sun Mar 30 21:29:19 IST 2025,GET,http://192.168.2.130:3000/assets/public/images/products/artwork2.jpg,304,Not Modified,6,392,0,Medium,false,
Processed,549,Sun Mar 30 21:29:23 IST 2025,GET,http://192.168.2.130:3000/assets/public/images/products/artwork2.jpg,304,Not Modified,12,392,0,Medium,false,
Processed,597,Sun Mar 30 21:29:26 IST 2025,GET,http://192.168.2.130:3000/assets/public/images/products/artwork2.jpg,304,Not Modified,305,392,0,Medium,false,
Processed,622,Sun Mar 30 21:29:27 IST 2025,GET,http://192.168.2.130:3000/assets/public/images/products/artwork2.jpg,304,Not Modified,20,392,0,Medium,false,
Processed,227,Sun Mar 30 21:28:21 IST 2025,GET,http://192.168.2.130:3000/assets/public/images/products/banana_juice.jpg,200,OK,17,431,19833,Medium,false,Comment
Processed,264,Sun Mar 30 21:28:28 IST 2025,GET,http://192.168.2.130:3000/assets/public/images/products/banana_juice.jpg,304,Not Modified,27,392,0,Medium,false,
Processed,305,Sun Mar 30 21:28:41 IST 2025,GET,http://192.168.2.130:3000/assets/public/images/products/banana_juice.jpg,304,Not Modified,10,392,0,Medium,false,
Processed,349,Sun Mar 30 21:28:49 IST 2025,GET,http://192.168.2.130:3000/assets/public/images/products/banana_juice.jpg,200,OK,15,431,19833,Medium,false,Comment
Processed,388,Sun Mar 30 21:28:54 IST 2025,GET,http://192.168.2.130:3000/assets/public/images/products/banana_juice.jpg,304,Not Modified,16,392,0,Medium,false,
Processed,441,Sun Mar 30 21:29:07 IST 2025,GET,http://192.168.2.130:3000/assets/public/images/products/banana_juice.jpg,304,Not Modified,11,392,0,Medium,false,
Processed,472,Sun Mar 30 21:29:11 IST 2025,GET,http://192.168.2.130:3000/assets/public/images/products/banana_juice.jpg,304,Not Modified,12,392,0,Medium,false,
Processed,513,Sun Mar 30 21:29:19 IST 2025,GET,http://192.168.2.130:3000/assets/public/images/products/banana_juice.jpg,304,Not Modified,9,392,0,Medium,false,
Processed,550,Sun Mar 30 21:29:23 IST 2025,GET,http://192.168.2.130:3000/assets/public/images/products/banana_juice.jpg,304,Not Modified,13,392,0,Medium,false,
Processed,601,Sun Mar 30 21:29:26 IST 2025,GET,http://192.168.2.130:3000/assets/public/images/products/banana_juice.jpg,304,Not Modified,357,392,0,Medium,false,
Processed,620,Sun Mar 30 21:29:27 IST 2025,GET,http://192.168.2.130:3000/assets/public/images/products/banana_juice.jpg,304,Not Modified,13,392,0,Medium,false,
Processed,231,Sun Mar 30 21:28:22 IST 2025,GET,http://192.168.2.130:3000/assets/public/images/products/carrot_juice.jpeg,200,OK,30,431,19001,Medium,false,Comment
Processed,263,Sun Mar 30 21:28:28 IST 2025,GET,http://192.168.2.130:3000/assets/public/images/products/carrot_juice.jpeg,304,Not Modified,16,392,0,Medium,false,
Processed,309,Sun Mar 30 21:28:41 IST 2025,GET,http://192.168.2.130:3000/assets/public/images/products/carrot_juice.jpeg,304,Not Modified,27,392,0,Medium,false,
Processed,348,Sun Mar 30 21:28:49 IST 2025,GET,http://192.168.2.130:3000/assets/public/images/products/carrot_juice.jpeg,200,OK,13,431,19001,Medium,false,Comment
Processed,390,Sun Mar 30 21:28:54 IST 2025,GET,http://192.168.2.130:3000/assets/public/images/products/carrot_juice.jpeg,304,Not Modified,15,392,0,Medium,false,
Processed,443,Sun Mar 30 21:29:07 IST 2025,GET,http://192.168.2.130:3000/assets/public/images/products/carrot_juice.jpeg,304,Not Modified,12,392,0,Medium,false,
Processed,474,Sun Mar 30 21:29:11 IST 2025,GET,http://192.168.2.130:3000/assets/public/images/products/carrot_juice.jpeg,304,Not Modified,13,392,0,Medium,false,
Processed,515,Sun Mar 30 21:29:19 IST 2025,GET,http://192.168.2.130:3000/assets/public/images/products/carrot_juice.jpeg,304,Not Modified,10,392,0,Medium,false,
Processed,551,Sun Mar 30 21:29:23 IST 2025,GET,http://192.168.2.130:3000/assets/public/images/products/carrot_juice.jpeg,304,Not Modified,13,392,0,Medium,false,
Processed,603,Sun Mar 30 21:29:26 IST 2025,GET,http://192.168.2.130:3000/assets/public/images/products/carrot_juice.jpeg,304,Not Modified,368,392,0,Medium,false,
Processed,621,Sun Mar 30 21:29:27 IST 2025,GET,http://192.168.2.130:3000/assets/public/images/products/carrot_juice.jpeg,304,Not Modified,3,392,0,Medium,false,
Processed,232,Sun Mar 30 21:28:22 IST 2025,GET,http://192.168.2.130:3000/assets/public/images/products/eggfruit_juice.jpg,200,OK,27,431,15072,Medium,false,Comment
Processed,265,Sun Mar 30 21:28:28 IST 2025,GET,http://192.168.2.130:3000/assets/public/images/products/eggfruit_juice.jpg,304,Not Modified,23,392,0,Medium,false,
Processed,308,Sun Mar 30 21:28:41 IST 2025,GET,http://192.168.2.130:3000/assets/public/images/products/eggfruit_juice.jpg,304,Not Modified,19,392,0,Medium,false,
Processed,353,Sun Mar 30 21:28:49 IST 2025,GET,http://192.168.2.130:3000/assets/public/images/products/eggfruit_juice.jpg,200,OK,28,431,15072,Medium,false,Comment
Processed,391,Sun Mar 30 21:28:54 IST 2025,GET,http://192.168.2.130:3000/assets/public/images/products/eggfruit_juice.jpg,304,Not Modified,20,392,0,Medium,false,
Processed,444,Sun Mar 30 21:29:07 IST 2025,GET,http://192.168.2.130:3000/assets/public/images/products/eggfruit_juice.jpg,304,Not Modified,8,392,0,Medium,false,
Processed,475,Sun Mar 30 21:29:11 IST 2025,GET,http://192.168.2.130:3000/assets/public/images/products/eggfruit_juice.jpg,304,Not Modified,6,392,0,Medium,false,
Processed,517,Sun Mar 30 21:29:19 IST 2025,GET,http://192.168.2.130:3000/assets/public/images/products/eggfruit_juice.jpg,304,Not Modified,12,392,0,Medium,false,
Processed,552,Sun Mar 30 21:29:23 IST 2025,GET,http://192.168.2.130:3000/assets/public/images/products/eggfruit_juice.jpg,304,Not Modified,11,392,0,Medium,false,
Processed,599,Sun Mar 30 21:29:26 IST 2025,GET,http://192.168.2.130:3000/assets/public/images/products/eggfruit_juice.jpg,304,Not Modified,282,392,0,Medium,false,
Processed,623,Sun Mar 30 21:29:28 IST 2025,GET,http://192.168.2.130:3000/assets/public/images/products/eggfruit_juice.jpg,304,Not Modified,13,392,0,Medium,false,
Processed,233,Sun Mar 30 21:28:22 IST 2025,GET,http://192.168.2.130:3000/assets/public/images/products/fan_facemask.jpg,200,OK,15,431,26934,Medium,false,
Processed,268,Sun Mar 30 21:28:29 IST 2025,GET,http://192.168.2.130:3000/assets/public/images/products/fan_facemask.jpg,304,Not Modified,11,392,0,Medium,false,
Processed,315,Sun Mar 30 21:28:41 IST 2025,GET,http://192.168.2.130:3000/assets/public/images/products/fan_facemask.jpg,304,Not Modified,7,392,0,Medium,false,
Processed,354,Sun Mar 30 21:28:49 IST 2025,GET,http://192.168.2.130:3000/assets/public/images/products/fan_facemask.jpg,200,OK,11,431,26934,Medium,false,
Processed,397,Sun Mar 30 21:28:54 IST 2025,GET,http://192.168.2.130:3000/assets/public/images/products/fan_facemask.jpg,304,Not Modified,28,392,0,Medium,false,
Processed,450,Sun Mar 30 21:29:07 IST 2025,GET,http://192.168.2.130:3000/assets/public/images/products/fan_facemask.jpg,304,Not Modified,7,392,0,Medium,false,
Processed,481,Sun Mar 30 21:29:11 IST 2025,GET,http://192.168.2.130:3000/assets/public/images/products/fan_facemask.jpg,304,Not Modified,8,392,0,Medium,false,
Processed,522,Sun Mar 30 21:29:19 IST 2025,GET,http://192.168.2.130:3000/assets/public/images/products/fan_facemask.jpg,304,Not Modified,8,392,0,Medium,false,
Processed,558,Sun Mar 30 21:29:23 IST 2025,GET,http://192.168.2.130:3000/assets/public/images/products/fan_facemask.jpg,304,Not Modified,9,392,0,Medium,false,
Processed,608,Sun Mar 30 21:29:26 IST 2025,GET,http://192.168.2.130:3000/assets/public/images/products/fan_facemask.jpg,304,Not Modified,353,392,0,Medium,false,
Processed,629,Sun Mar 30 21:29:28 IST 2025,GET,http://192.168.2.130:3000/assets/public/images/products/fan_facemask.jpg,304,Not Modified,7,392,0,Medium,false,
Processed,228,Sun Mar 30 21:28:22 IST 2025,GET,http://192.168.2.130:3000/assets/public/images/products/fruit_press.jpg,200,OK,11,431,17080,Medium,false,
Processed,267,Sun Mar 30 21:28:29 IST 2025,GET,http://192.168.2.130:3000/assets/public/images/products/fruit_press.jpg,304,Not Modified,9,392,0,Medium,false,
Processed,310,Sun Mar 30 21:28:41 IST 2025,GET,http://192.168.2.130:3000/assets/public/images/products/fruit_press.jpg,304,Not Modified,22,392,0,Medium,false,
Processed,357,Sun Mar 30 21:28:49 IST 2025,GET,http://192.168.2.130:3000/assets/public/images/products/fruit_press.jpg,200,OK,38,431,17080,Medium,false,
Processed,392,Sun Mar 30 21:28:54 IST 2025,GET,http://192.168.2.130:3000/assets/public/images/products/fruit_press.jpg,304,Not Modified,30,392,0,Medium,false,
Processed,446,Sun Mar 30 21:29:07 IST 2025,GET,http://192.168.2.130:3000/assets/public/images/products/fruit_press.jpg,304,Not Modified,21,392,0,Medium,false,
Processed,477,Sun Mar 30 21:29:11 IST 2025,GET,http://192.168.2.130:3000/assets/public/images/products/fruit_press.jpg,304,Not Modified,15,392,0,Medium,false,
Processed,518,Sun Mar 30 21:29:19 IST 2025,GET,http://192.168.2.130:3000/assets/public/images/products/fruit_press.jpg,304,Not Modified,7,392,0,Medium,false,
Processed,553,Sun Mar 30 21:29:23 IST 2025,GET,http://192.168.2.130:3000/assets/public/images/products/fruit_press.jpg,304,Not Modified,14,392,0,Medium,false,
Processed,604,Sun Mar 30 21:29:26 IST 2025,GET,http://192.168.2.130:3000/assets/public/images/products/fruit_press.jpg,304,Not Modified,416,392,0,Medium,false,
Processed,625,Sun Mar 30 21:29:28 IST 2025,GET,http://192.168.2.130:3000/assets/public/images/products/fruit_press.jpg,304,Not Modified,19,392,0,Medium,false,
Processed,230,Sun Mar 30 21:28:22 IST 2025,GET,http://192.168.2.130:3000/assets/public/images/products/green_smoothie.jpg,200,OK,22,431,15910,Medium,false,Comment
Processed,271,Sun Mar 30 21:28:29 IST 2025,GET,http://192.168.2.130:3000/assets/public/images/products/green_smoothie.jpg,304,Not Modified,9,392,0,Medium,false,
Processed,311,Sun Mar 30 21:28:41 IST 2025,GET,http://192.168.2.130:3000/assets/public/images/products/green_smoothie.jpg,304,Not Modified,13,392,0,Medium,false,
Processed,358,Sun Mar 30 21:28:49 IST 2025,GET,http://192.168.2.130:3000/assets/public/images/products/green_smoothie.jpg,200,OK,37,431,15910,Medium,false,Comment
Processed,393,Sun Mar 30 21:28:54 IST 2025,GET,http://192.168.2.130:3000/assets/public/images/products/green_smoothie.jpg,304,Not Modified,30,392,0,Medium,false,
Processed,445,Sun Mar 30 21:29:07 IST 2025,GET,http://192.168.2.130:3000/assets/public/images/products/green_smoothie.jpg,304,Not Modified,20,392,0,Medium,false,
Processed,476,Sun Mar 30 21:29:11 IST 2025,GET,http://192.168.2.130:3000/assets/public/images/products/green_smoothie.jpg,304,Not Modified,14,392,0,Medium,false,
Processed,516,Sun Mar 30 21:29:19 IST 2025,GET,http://192.168.2.130:3000/assets/public/images/products/green_smoothie.jpg,304,Not Modified,11,392,0,Medium,false,
Processed,554,Sun Mar 30 21:29:23 IST 2025,GET,http://192.168.2.130:3000/assets/public/images/products/green_smoothie.jpg,304,Not Modified,5,392,0,Medium,false,
Processed,606,Sun Mar 30 21:29:26 IST 2025,GET,http://192.168.2.130:3000/assets/public/images/products/green_smoothie.jpg,304,Not Modified,416,392,0,Medium,false,
Processed,624,Sun Mar 30 21:29:28 IST 2025,GET,http://192.168.2.130:3000/assets/public/images/products/green_smoothie.jpg,304,Not Modified,3,392,0,Medium,false,
Processed,229,Sun Mar 30 21:28:21 IST 2025,GET,http://192.168.2.130:3000/assets/public/images/products/lemon_juice.jpg,200,OK,20,431,17038,Medium,false,
Processed,270,Sun Mar 30 21:28:29 IST 2025,GET,http://192.168.2.130:3000/assets/public/images/products/lemon_juice.jpg,304,Not Modified,10,392,0,Medium,false,
Processed,313,Sun Mar 30 21:28:41 IST 2025,GET,http://192.168.2.130:3000/assets/public/images/products/lemon_juice.jpg,304,Not Modified,6,392,0,Medium,false,
Processed,352,Sun Mar 30 21:28:49 IST 2025,GET,http://192.168.2.130:3000/assets/public/images/products/lemon_juice.jpg,200,OK,7,431,17038,Medium,false,
Processed,395,Sun Mar 30 21:28:54 IST 2025,GET,http://192.168.2.130:3000/assets/public/images/products/lemon_juice.jpg,304,Not Modified,18,392,0,Medium,false,
Processed,447,Sun Mar 30 21:29:07 IST 2025,GET,http://192.168.2.130:3000/assets/public/images/products/lemon_juice.jpg,304,Not Modified,10,392,0,Medium,false,
Processed,478,Sun Mar 30 21:29:11 IST 2025,GET,http://192.168.2.130:3000/assets/public/images/products/lemon_juice.jpg,304,Not Modified,13,392,0,Medium,false,
Processed,520,Sun Mar 30 21:29:19 IST 2025,GET,http://192.168.2.130:3000/assets/public/images/products/lemon_juice.jpg,304,Not Modified,9,392,0,Medium,false,
Processed,556,Sun Mar 30 21:29:23 IST 2025,GET,http://192.168.2.130:3000/assets/public/images/products/lemon_juice.jpg,304,Not Modified,12,392,0,Medium,false,
Processed,605,Sun Mar 30 21:29:26 IST 2025,GET,http://192.168.2.130:3000/assets/public/images/products/lemon_juice.jpg,304,Not Modified,378,392,0,Medium,false,
Processed,627,Sun Mar 30 21:29:28 IST 2025,GET,http://192.168.2.130:3000/assets/public/images/products/lemon_juice.jpg,304,Not Modified,10,392,0,Medium,false,
Processed,235,Sun Mar 30 21:28:22 IST 2025,GET,http://192.168.2.130:3000/assets/public/images/products/melon_bike.jpeg,200,OK,36,431,21524,Medium,false,
Processed,272,Sun Mar 30 21:28:29 IST 2025,GET,http://192.168.2.130:3000/assets/public/images/products/melon_bike.jpeg,304,Not Modified,47,392,0,Medium,false,
Processed,314,Sun Mar 30 21:28:41 IST 2025,GET,http://192.168.2.130:3000/assets/public/images/products/melon_bike.jpeg,304,Not Modified,7,392,0,Medium,false,
Processed,355,Sun Mar 30 21:28:49 IST 2025,GET,http://192.168.2.130:3000/assets/public/images/products/melon_bike.jpeg,200,OK,5,431,21524,Medium,false,
Processed,396,Sun Mar 30 21:28:54 IST 2025,GET,http://192.168.2.130:3000/assets/public/images/products/melon_bike.jpeg,304,Not Modified,24,392,0,Medium,false,
Processed,449,Sun Mar 30 21:29:07 IST 2025,GET,http://192.168.2.130:3000/assets/public/images/products/melon_bike.jpeg,304,Not Modified,23,392,0,Medium,false,
Processed,480,Sun Mar 30 21:29:11 IST 2025,GET,http://192.168.2.130:3000/assets/public/images/products/melon_bike.jpeg,304,Not Modified,8,392,0,Medium,false,
Processed,521,Sun Mar 30 21:29:19 IST 2025,GET,http://192.168.2.130:3000/assets/public/images/products/melon_bike.jpeg,304,Not Modified,9,392,0,Medium,false,
Processed,557,Sun Mar 30 21:29:23 IST 2025,GET,http://192.168.2.130:3000/assets/public/images/products/melon_bike.jpeg,304,Not Modified,10,392,0,Medium,false,
Processed,607,Sun Mar 30 21:29:26 IST 2025,GET,http://192.168.2.130:3000/assets/public/images/products/melon_bike.jpeg,304,Not Modified,367,392,0,Medium,false,
Processed,628,Sun Mar 30 21:29:28 IST 2025,GET,http://192.168.2.130:3000/assets/public/images/products/melon_bike.jpeg,304,Not Modified,7,392,0,Medium,false,
Processed,234,Sun Mar 30 21:28:22 IST 2025,GET,http://192.168.2.130:3000/assets/public/images/products/permafrost.jpg,200,OK,29,432,93641,Medium,false,
Processed,269,Sun Mar 30 21:28:29 IST 2025,GET,http://192.168.2.130:3000/assets/public/images/products/permafrost.jpg,304,Not Modified,15,393,0,Medium,false,
Processed,312,Sun Mar 30 21:28:41 IST 2025,GET,http://192.168.2.130:3000/assets/public/images/products/permafrost.jpg,304,Not Modified,8,393,0,Medium,false,
Processed,356,Sun Mar 30 21:28:49 IST 2025,GET,http://192.168.2.130:3000/assets/public/images/products/permafrost.jpg,200,OK,38,432,93641,Medium,false,
Processed,394,Sun Mar 30 21:28:54 IST 2025,GET,http://192.168.2.130:3000/assets/public/images/products/permafrost.jpg,304,Not Modified,31,393,0,Medium,false,
Processed,448,Sun Mar 30 21:29:07 IST 2025,GET,http://192.168.2.130:3000/assets/public/images/products/permafrost.jpg,304,Not Modified,26,393,0,Medium,false,
Processed,479,Sun Mar 30 21:29:11 IST 2025,GET,http://192.168.2.130:3000/assets/public/images/products/permafrost.jpg,304,Not Modified,14,393,0,Medium,false,
Processed,519,Sun Mar 30 21:29:19 IST 2025,GET,http://192.168.2.130:3000/assets/public/images/products/permafrost.jpg,304,Not Modified,14,393,0,Medium,false,
Processed,555,Sun Mar 30 21:29:23 IST 2025,GET,http://192.168.2.130:3000/assets/public/images/products/permafrost.jpg,304,Not Modified,17,393,0,Medium,false,
Processed,598,Sun Mar 30 21:29:26 IST 2025,GET,http://192.168.2.130:3000/assets/public/images/products/permafrost.jpg,304,Not Modified,235,393,0,Medium,false,
Processed,626,Sun Mar 30 21:29:28 IST 2025,GET,http://192.168.2.130:3000/assets/public/images/products/permafrost.jpg,304,Not Modified,21,393,0,Medium,false,
Processed,180,Sun Mar 30 21:28:18 IST 2025,GET,http://192.168.2.130:3000/main.js,200,OK,90,483,459087,Medium,false,Upload
Processed,241,Sun Mar 30 21:28:24 IST 2025,GET,http://192.168.2.130:3000/main.js,304,Not Modified,26,393,0,Medium,false,
Processed,282,Sun Mar 30 21:28:39 IST 2025,GET,http://192.168.2.130:3000/main.js,304,Not Modified,12,393,0,Medium,false,
Processed,323,Sun Mar 30 21:28:46 IST 2025,GET,http://192.168.2.130:3000/main.js,200,OK,49,483,459087,Medium,false,Upload
Processed,365,Sun Mar 30 21:28:50 IST 2025,GET,http://192.168.2.130:3000/main.js,304,Not Modified,7,393,0,Medium,false,
Processed,412,Sun Mar 30 21:29:05 IST 2025,GET,http://192.168.2.130:3000/main.js,304,Not Modified,51,393,0,Medium,false,
Processed,436,Sun Mar 30 21:29:07 IST 2025,GET,http://192.168.2.130:3000/main.js,304,Not Modified,7,393,0,Medium,false,
Processed,491,Sun Mar 30 21:29:17 IST 2025,GET,http://192.168.2.130:3000/main.js,304,Not Modified,44,393,0,Medium,false,
Processed,527,Sun Mar 30 21:29:20 IST 2025,GET,http://192.168.2.130:3000/main.js,304,Not Modified,15,393,0,Medium,false,
Processed,564,Sun Mar 30 21:29:24 IST 2025,GET,http://192.168.2.130:3000/main.js,304,Not Modified,24,393,0,Medium,false,
Processed,570,Sun Mar 30 21:29:25 IST 2025,GET,http://192.168.2.130:3000/main.js,304,Not Modified,12,393,0,Medium,false,
Processed,210,Sun Mar 30 21:28:20 IST 2025,GET,http://192.168.2.130:3000/MaterialIcons-Regular.woff2,200,OK,185,431,60840,Medium,false,Comment
Processed,338,Sun Mar 30 21:28:48 IST 2025,GET,http://192.168.2.130:3000/MaterialIcons-Regular.woff2,200,OK,42,431,60840,Medium,false,Comment
Processed,178,Sun Mar 30 21:28:18 IST 2025,GET,http://192.168.2.130:3000/polyfills.js,200,OK,12,481,55492,Medium,false,
Processed,238,Sun Mar 30 21:28:24 IST 2025,GET,http://192.168.2.130:3000/polyfills.js,304,Not Modified,9,392,0,Medium,false,
Processed,281,Sun Mar 30 21:28:39 IST 2025,GET,http://192.168.2.130:3000/polyfills.js,304,Not Modified,12,392,0,Medium,false,
Processed,321,Sun Mar 30 21:28:46 IST 2025,GET,http://192.168.2.130:3000/polyfills.js,200,OK,46,481,55492,Medium,false,
Processed,364,Sun Mar 30 21:28:50 IST 2025,GET,http://192.168.2.130:3000/polyfills.js,304,Not Modified,16,392,0,Medium,false,
Processed,413,Sun Mar 30 21:29:05 IST 2025,GET,http://192.168.2.130:3000/polyfills.js,304,Not Modified,33,392,0,Medium,false,
Processed,435,Sun Mar 30 21:29:07 IST 2025,GET,http://192.168.2.130:3000/polyfills.js,304,Not Modified,6,392,0,Medium,false,
Processed,489,Sun Mar 30 21:29:17 IST 2025,GET,http://192.168.2.130:3000/polyfills.js,304,Not Modified,3,392,0,Medium,false,
Processed,526,Sun Mar 30 21:29:20 IST 2025,GET,http://192.168.2.130:3000/polyfills.js,304,Not Modified,11,392,0,Medium,false,
Processed,563,Sun Mar 30 21:29:24 IST 2025,GET,http://192.168.2.130:3000/polyfills.js,304,Not Modified,11,392,0,Medium,false,
Processed,567,Sun Mar 30 21:29:25 IST 2025,GET,http://192.168.2.130:3000/polyfills.js,304,Not Modified,5,392,0,Medium,false,
Processed,197,Sun Mar 30 21:28:20 IST 2025,GET,http://192.168.2.130:3000/rest/admin/application-configuration,200,OK,20,389,21657,Medium,false,JSON
Processed,201,Sun Mar 30 21:28:20 IST 2025,GET,http://192.168.2.130:3000/rest/admin/application-configuration,200,OK,61,389,21657,Medium,false,JSON
Processed,202,Sun Mar 30 21:28:20 IST 2025,GET,http://192.168.2.130:3000/rest/admin/application-configuration,200,OK,125,389,21657,Medium,false,JSON
Processed,204,Sun Mar 30 21:28:20 IST 2025,GET,http://192.168.2.130:3000/rest/admin/application-configuration,200,OK,203,389,21657,Medium,false,JSON
Processed,221,Sun Mar 30 21:28:21 IST 2025,GET,http://192.168.2.130:3000/rest/admin/application-configuration,304,Not Modified,10,306,0,Medium,false,
Processed,245,Sun Mar 30 21:28:26 IST 2025,GET,http://192.168.2.130:3000/rest/admin/application-configuration,304,Not Modified,6,306,0,Medium,false,
Processed,248,Sun Mar 30 21:28:26 IST 2025,GET,http://192.168.2.130:3000/rest/admin/application-configuration,200,OK,47,389,21657,Medium,false,JSON
Processed,249,Sun Mar 30 21:28:26 IST 2025,GET,http://192.168.2.130:3000/rest/admin/application-configuration,200,OK,83,389,21657,Medium,false,JSON
Processed,250,Sun Mar 30 21:28:26 IST 2025,GET,http://192.168.2.130:3000/rest/admin/application-configuration,200,OK,154,389,21657,Medium,false,JSON
Processed,260,Sun Mar 30 21:28:28 IST 2025,GET,http://192.168.2.130:3000/rest/admin/application-configuration,304,Not Modified,13,306,0,Medium,false,
Processed,289,Sun Mar 30 21:28:40 IST 2025,GET,http://192.168.2.130:3000/rest/admin/application-configuration,304,Not Modified,17,306,0,Medium,false,
Processed,291,Sun Mar 30 21:28:40 IST 2025,GET,http://192.168.2.130:3000/rest/admin/application-configuration,200,OK,43,389,21657,Medium,false,JSON
Processed,292,Sun Mar 30 21:28:40 IST 2025,GET,http://192.168.2.130:3000/rest/admin/application-configuration,304,Not Modified,43,306,0,Medium,false,
Processed,293,Sun Mar 30 21:28:40 IST 2025,GET,http://192.168.2.130:3000/rest/admin/application-configuration,200,OK,69,389,21657,Medium,false,JSON
Processed,303,Sun Mar 30 21:28:41 IST 2025,GET,http://192.168.2.130:3000/rest/admin/application-configuration,304,Not Modified,25,306,0,Medium,false,
Processed,330,Sun Mar 30 21:28:47 IST 2025,GET,http://192.168.2.130:3000/rest/admin/application-configuration,200,OK,17,389,21657,Medium,false,JSON
Processed,332,Sun Mar 30 21:28:47 IST 2025,GET,http://192.168.2.130:3000/rest/admin/application-configuration,200,OK,128,389,21657,Medium,false,JSON
Processed,333,Sun Mar 30 21:28:47 IST 2025,GET,http://192.168.2.130:3000/rest/admin/application-configuration,200,OK,157,389,21657,Medium,false,JSON
Processed,335,Sun Mar 30 21:28:47 IST 2025,GET,http://192.168.2.130:3000/rest/admin/application-configuration,200,OK,168,389,21657,Medium,false,JSON
Processed,347,Sun Mar 30 21:28:48 IST 2025,GET,http://192.168.2.130:3000/rest/admin/application-configuration,304,Not Modified,13,306,0,Medium,false,
Processed,371,Sun Mar 30 21:28:52 IST 2025,GET,http://192.168.2.130:3000/rest/admin/application-configuration,304,Not Modified,23,306,0,Medium,false,
Processed,373,Sun Mar 30 21:28:52 IST 2025,GET,http://192.168.2.130:3000/rest/admin/application-configuration,304,Not Modified,26,306,0,Medium,false,
Processed,374,Sun Mar 30 21:28:52 IST 2025,GET,http://192.168.2.130:3000/rest/admin/application-configuration,200,OK,48,389,21657,Medium,false,JSON
Processed,375,Sun Mar 30 21:28:52 IST 2025,GET,http://192.168.2.130:3000/rest/admin/application-configuration,200,OK,50,389,21657,Medium,false,JSON
Processed,385,Sun Mar 30 21:28:53 IST 2025,GET,http://192.168.2.130:3000/rest/admin/application-configuration,304,Not Modified,21,306,0,Medium,false,
Processed,418,Sun Mar 30 21:29:06 IST 2025,GET,http://192.168.2.130:3000/rest/admin/application-configuration,304,Not Modified,20,306,0,Medium,false,
Processed,419,Sun Mar 30 21:29:06 IST 2025,GET,http://192.168.2.130:3000/rest/admin/application-configuration,200,OK,17,389,21657,Medium,false,JSON
Processed,421,Sun Mar 30 21:29:06 IST 2025,GET,http://192.168.2.130:3000/rest/admin/application-configuration,200,OK,52,389,21657,Medium,false,JSON
Processed,424,Sun Mar 30 21:29:06 IST 2025,GET,http://192.168.2.130:3000/rest/admin/application-configuration,200,OK,172,389,21657,Medium,false,JSON
Processed,438,Sun Mar 30 21:29:07 IST 2025,GET,http://192.168.2.130:3000/rest/admin/application-configuration,304,Not Modified,21,306,0,Medium,false,
Processed,456,Sun Mar 30 21:29:08 IST 2025,GET,http://192.168.2.130:3000/rest/admin/application-configuration,304,Not Modified,52,306,0,Medium,false,
Processed,457,Sun Mar 30 21:29:08 IST 2025,GET,http://192.168.2.130:3000/rest/admin/application-configuration,200,OK,73,389,21657,Medium,false,JSON
Processed,458,Sun Mar 30 21:29:08 IST 2025,GET,http://192.168.2.130:3000/rest/admin/application-configuration,200,OK,111,389,21657,Medium,false,JSON
Processed,459,Sun Mar 30 21:29:08 IST 2025,GET,http://192.168.2.130:3000/rest/admin/application-configuration,200,OK,108,389,21657,Medium,false,JSON
Processed,469,Sun Mar 30 21:29:11 IST 2025,GET,http://192.168.2.130:3000/rest/admin/application-configuration,304,Not Modified,10,306,0,Medium,false,
Processed,485,Sun Mar 30 21:29:15 IST 2025,GET,http://192.168.2.130:3000/rest/admin/application-configuration,304,Not Modified,13,306,0,Medium,false,
Processed,496,Sun Mar 30 21:29:18 IST 2025,GET,http://192.168.2.130:3000/rest/admin/application-configuration,304,Not Modified,24,306,0,Medium,false,
Processed,498,Sun Mar 30 21:29:18 IST 2025,GET,http://192.168.2.130:3000/rest/admin/application-configuration,200,OK,45,389,21657,Medium,false,JSON
Processed,499,Sun Mar 30 21:29:18 IST 2025,GET,http://192.168.2.130:3000/rest/admin/application-configuration,200,OK,66,389,21657,Medium,false,JSON
Processed,500,Sun Mar 30 21:29:18 IST 2025,GET,http://192.168.2.130:3000/rest/admin/application-configuration,200,OK,63,389,21657,Medium,false,JSON
Processed,510,Sun Mar 30 21:29:19 IST 2025,GET,http://192.168.2.130:3000/rest/admin/application-configuration,304,Not Modified,9,306,0,Medium,false,
Processed,534,Sun Mar 30 21:29:22 IST 2025,GET,http://192.168.2.130:3000/rest/admin/application-configuration,304,Not Modified,22,306,0,Medium,false,
Processed,536,Sun Mar 30 21:29:22 IST 2025,GET,http://192.168.2.130:3000/rest/admin/application-configuration,200,OK,41,389,21657,Medium,false,JSON
Processed,537,Sun Mar 30 21:29:22 IST 2025,GET,http://192.168.2.130:3000/rest/admin/application-configuration,200,OK,59,389,21657,Medium,false,JSON
Processed,575,Sun Mar 30 21:29:25 IST 2025,GET,http://192.168.2.130:3000/rest/admin/application-configuration,304,Not Modified,25,306,0,Medium,false,
Processed,577,Sun Mar 30 21:29:25 IST 2025,GET,http://192.168.2.130:3000/rest/admin/application-configuration,200,OK,38,389,21657,Medium,false,JSON
Processed,578,Sun Mar 30 21:29:25 IST 2025,GET,http://192.168.2.130:3000/rest/admin/application-configuration,200,OK,83,389,21657,Medium,false,JSON
Processed,591,Sun Mar 30 21:29:26 IST 2025,GET,http://192.168.2.130:3000/rest/admin/application-configuration,304,Not Modified,69,306,0,Medium,false,
Processed,592,Sun Mar 30 21:29:26 IST 2025,GET,http://192.168.2.130:3000/rest/admin/application-configuration,200,OK,141,389,21657,Medium,false,JSON
Processed,595,Sun Mar 30 21:29:26 IST 2025,GET,http://192.168.2.130:3000/rest/admin/application-configuration,200,OK,285,389,21657,Medium,false,JSON
Processed,200,Sun Mar 30 21:28:20 IST 2025,GET,http://192.168.2.130:3000/rest/admin/application-version,200,OK,42,384,20,Medium,false,JSON
Processed,203,Sun Mar 30 21:28:20 IST 2025,GET,http://192.168.2.130:3000/rest/admin/application-version,200,OK,177,384,20,Medium,false,JSON
Processed,246,Sun Mar 30 21:28:26 IST 2025,GET,http://192.168.2.130:3000/rest/admin/application-version,200,OK,13,384,20,Medium,false,JSON
Processed,247,Sun Mar 30 21:28:26 IST 2025,GET,http://192.168.2.130:3000/rest/admin/application-version,304,Not Modified,41,304,0,Medium,false,
Processed,288,Sun Mar 30 21:28:40 IST 2025,GET,http://192.168.2.130:3000/rest/admin/application-version,304,Not Modified,18,304,0,Medium,false,
Processed,290,Sun Mar 30 21:28:40 IST 2025,GET,http://192.168.2.130:3000/rest/admin/application-version,304,Not Modified,34,304,0,Medium,false,
Processed,331,Sun Mar 30 21:28:47 IST 2025,GET,http://192.168.2.130:3000/rest/admin/application-version,200,OK,49,384,20,Medium,false,JSON
Processed,334,Sun Mar 30 21:28:47 IST 2025,GET,http://192.168.2.130:3000/rest/admin/application-version,200,OK,159,384,20,Medium,false,JSON
Processed,370,Sun Mar 30 21:28:52 IST 2025,GET,http://192.168.2.130:3000/rest/admin/application-version,304,Not Modified,13,304,0,Medium,false,
Processed,372,Sun Mar 30 21:28:52 IST 2025,GET,http://192.168.2.130:3000/rest/admin/application-version,200,OK,33,384,20,Medium,false,JSON
Processed,417,Sun Mar 30 21:29:06 IST 2025,GET,http://192.168.2.130:3000/rest/admin/application-version,304,Not Modified,7,304,0,Medium,false,
Processed,420,Sun Mar 30 21:29:06 IST 2025,GET,http://192.168.2.130:3000/rest/admin/application-version,200,OK,54,384,20,Medium,false,JSON
Processed,454,Sun Mar 30 21:29:08 IST 2025,GET,http://192.168.2.130:3000/rest/admin/application-version,304,Not Modified,20,304,0,Medium,false,
Processed,455,Sun Mar 30 21:29:08 IST 2025,GET,http://192.168.2.130:3000/rest/admin/application-version,304,Not Modified,15,304,0,Medium,false,
Processed,495,Sun Mar 30 21:29:18 IST 2025,GET,http://192.168.2.130:3000/rest/admin/application-version,304,Not Modified,13,304,0,Medium,false,
Processed,497,Sun Mar 30 21:29:18 IST 2025,GET,http://192.168.2.130:3000/rest/admin/application-version,200,OK,43,384,20,Medium,false,JSON
Processed,533,Sun Mar 30 21:29:22 IST 2025,GET,http://192.168.2.130:3000/rest/admin/application-version,304,Not Modified,8,304,0,Medium,false,
Processed,535,Sun Mar 30 21:29:22 IST 2025,GET,http://192.168.2.130:3000/rest/admin/application-version,200,OK,20,384,20,Medium,false,JSON
Processed,574,Sun Mar 30 21:29:25 IST 2025,GET,http://192.168.2.130:3000/rest/admin/application-version,304,Not Modified,6,304,0,Medium,false,
Processed,576,Sun Mar 30 21:29:25 IST 2025,GET,http://192.168.2.130:3000/rest/admin/application-version,200,OK,37,384,20,Medium,false,JSON
Processed,590,Sun Mar 30 21:29:26 IST 2025,GET,http://192.168.2.130:3000/rest/admin/application-version,304,Not Modified,22,304,0,Medium,false,
Processed,593,Sun Mar 30 21:29:26 IST 2025,GET,http://192.168.2.130:3000/rest/admin/application-version,304,Not Modified,171,304,0,Medium,false,
Processed,205,Sun Mar 30 21:28:20 IST 2025,GET,http://192.168.2.130:3000/rest/languages,200,OK,521,388,4866,Medium,false,JSON
Processed,252,Sun Mar 30 21:28:26 IST 2025,GET,http://192.168.2.130:3000/rest/languages,304,Not Modified,386,306,0,Medium,false,
Processed,295,Sun Mar 30 21:28:40 IST 2025,GET,http://192.168.2.130:3000/rest/languages,304,Not Modified,204,306,0,Medium,false,
Processed,336,Sun Mar 30 21:28:47 IST 2025,GET,http://192.168.2.130:3000/rest/languages,200,OK,238,388,4866,Medium,false,JSON
Processed,376,Sun Mar 30 21:28:52 IST 2025,GET,http://192.168.2.130:3000/rest/languages,304,Not Modified,121,306,0,Medium,false,
Processed,423,Sun Mar 30 21:29:06 IST 2025,GET,http://192.168.2.130:3000/rest/languages,304,Not Modified,216,306,0,Medium,false,
Processed,460,Sun Mar 30 21:29:08 IST 2025,GET,http://192.168.2.130:3000/rest/languages,304,Not Modified,231,306,0,Medium,false,
Processed,502,Sun Mar 30 21:29:18 IST 2025,GET,http://192.168.2.130:3000/rest/languages,304,Not Modified,128,306,0,Medium,false,
Processed,538,Sun Mar 30 21:29:22 IST 2025,GET,http://192.168.2.130:3000/rest/languages,304,Not Modified,133,306,0,Medium,false,
Processed,579,Sun Mar 30 21:29:25 IST 2025,GET,http://192.168.2.130:3000/rest/languages,304,Not Modified,299,306,0,Medium,false,
Processed,609,Sun Mar 30 21:29:26 IST 2025,GET,http://192.168.2.130:3000/rest/languages,304,Not Modified,647,306,0,Medium,false,
Processed,211,Sun Mar 30 21:28:20 IST 2025,GET,http://192.168.2.130:3000/rest/products/search?q=,200,OK,325,389,13659,Medium,false,JSON
Processed,258,Sun Mar 30 21:28:28 IST 2025,GET,http://192.168.2.130:3000/rest/products/search?q=,304,Not Modified,128,306,0,Medium,false,
Processed,301,Sun Mar 30 21:28:40 IST 2025,GET,http://192.168.2.130:3000/rest/products/search?q=,304,Not Modified,385,306,0,Medium,false,
Processed,339,Sun Mar 30 21:28:48 IST 2025,GET,http://192.168.2.130:3000/rest/products/search?q=,200,OK,255,389,13659,Medium,false,JSON
Processed,380,Sun Mar 30 21:28:53 IST 2025,GET,http://192.168.2.130:3000/rest/products/search?q=,304,Not Modified,54,306,0,Medium,false,
Processed,428,Sun Mar 30 21:29:06 IST 2025,GET,http://192.168.2.130:3000/rest/products/search?q=,304,Not Modified,70,306,0,Medium,false,
Processed,464,Sun Mar 30 21:29:09 IST 2025,GET,http://192.168.2.130:3000/rest/products/search?q=,304,Not Modified,37,306,0,Medium,false,
Processed,505,Sun Mar 30 21:29:18 IST 2025,GET,http://192.168.2.130:3000/rest/products/search?q=,304,Not Modified,113,306,0,Medium,false,
Processed,542,Sun Mar 30 21:29:22 IST 2025,GET,http://192.168.2.130:3000/rest/products/search?q=,304,Not Modified,49,306,0,Medium,false,
Processed,583,Sun Mar 30 21:29:25 IST 2025,GET,http://192.168.2.130:3000/rest/products/search?q=,304,Not Modified,272,306,0,Medium,false,
Processed,612,Sun Mar 30 21:29:26 IST 2025,GET,http://192.168.2.130:3000/rest/products/search?q=,304,Not Modified,437,306,0,Medium,false,
Processed,177,Sun Mar 30 21:28:18 IST 2025,GET,http://192.168.2.130:3000/runtime.js,200,OK,17,479,3315,Medium,false,
Processed,240,Sun Mar 30 21:28:24 IST 2025,GET,http://192.168.2.130:3000/runtime.js,304,Not Modified,31,391,0,Medium,false,
Processed,280,Sun Mar 30 21:28:39 IST 2025,GET,http://192.168.2.130:3000/runtime.js,304,Not Modified,14,391,0,Medium,false,
Processed,320,Sun Mar 30 21:28:46 IST 2025,GET,http://192.168.2.130:3000/runtime.js,200,OK,29,479,3315,Medium,false,
Processed,362,Sun Mar 30 21:28:50 IST 2025,GET,http://192.168.2.130:3000/runtime.js,304,Not Modified,11,391,0,Medium,false,
Processed,410,Sun Mar 30 21:29:05 IST 2025,GET,http://192.168.2.130:3000/runtime.js,304,Not Modified,11,391,0,Medium,false,
Processed,434,Sun Mar 30 21:29:07 IST 2025,GET,http://192.168.2.130:3000/runtime.js,304,Not Modified,37,391,0,Medium,false,
Processed,488,Sun Mar 30 21:29:17 IST 2025,GET,http://192.168.2.130:3000/runtime.js,304,Not Modified,23,391,0,Medium,false,
Processed,528,Sun Mar 30 21:29:20 IST 2025,GET,http://192.168.2.130:3000/runtime.js,304,Not Modified,25,391,0,Medium,false,
Processed,561,Sun Mar 30 21:29:24 IST 2025,GET,http://192.168.2.130:3000/runtime.js,304,Not Modified,6,391,0,Medium,false,
Processed,568,Sun Mar 30 21:29:25 IST 2025,GET,http://192.168.2.130:3000/runtime.js,304,Not Modified,10,391,0,Medium,false,
Processed,207,Sun Mar 30 21:28:20 IST 2025,POST,http://192.168.2.130:3000/socket.io/?EIO=4&transport=polling&t=PNdnd-F&sid=hf7h1ydO4sDhaZRUAAAb,200,OK,93,213,2,Medium,false,
Processed,193,Sun Mar 30 21:28:19 IST 2025,GET,http://192.168.2.130:3000/socket.io/?EIO=4&transport=polling&t=PNdndoX,200,OK,8,230,96,Low,false,
Processed,206,Sun Mar 30 21:28:20 IST 2025,GET,http://192.168.2.130:3000/socket.io/?EIO=4&transport=polling&t=PNdnd-T&sid=hf7h1ydO4sDhaZRUAAAb,200,OK,44,230,32,Medium,false,
Processed,222,Sun Mar 30 21:28:21 IST 2025,GET,http://192.168.2.130:3000/socket.io/?EIO=4&transport=polling&t=PNdneEP&sid=hf7h1ydO4sDhaZRUAAAb,200,OK,91,229,1,Medium,false,
Processed,236,Sun Mar 30 21:28:22 IST 2025,GET,http://192.168.2.130:3000/socket.io/?EIO=4&transport=polling&t=PNdneOS&sid=hf7h1ydO4sDhaZRUAAAb,200,OK,37,229,1,Medium,false,
Processed,244,Sun Mar 30 21:28:26 IST 2025,GET,http://192.168.2.130:3000/socket.io/?EIO=4&transport=polling&t=PNdnfLX,200,OK,12,230,96,Low,false,
Processed,255,Sun Mar 30 21:28:28 IST 2025,POST,http://192.168.2.130:3000/socket.io/?EIO=4&transport=polling&t=PNdnfQg&sid=dQI7Ar0EEI2EmqXcAAAd,200,OK,6,213,2,Medium,false,
Processed,257,Sun Mar 30 21:28:28 IST 2025,GET,http://192.168.2.130:3000/socket.io/?EIO=4&transport=polling&t=PNdnfQl&sid=dQI7Ar0EEI2EmqXcAAAd,200,OK,28,230,32,Medium,false,
Processed,273,Sun Mar 30 21:28:29 IST 2025,GET,http://192.168.2.130:3000/socket.io/?EIO=4&transport=polling&t=PNdng50&sid=dQI7Ar0EEI2EmqXcAAAd,200,OK,229,229,1,Medium,false,
Processed,297,Sun Mar 30 21:28:41 IST 2025,GET,http://192.168.2.130:3000/socket.io/?EIO=4&transport=polling&t=PNdni-c&sid=aWEtE6zxgSRJs71-AAAf,200,OK,25,230,32,Medium,false,
Processed,287,Sun Mar 30 21:28:40 IST 2025,GET,http://192.168.2.130:3000/socket.io/?EIO=4&transport=polling&t=PNdniqz,200,OK,8,230,96,Low,false,
Processed,296,Sun Mar 30 21:28:41 IST 2025,POST,http://192.168.2.130:3000/socket.io/?EIO=4&transport=polling&t=PNdni-T&sid=aWEtE6zxgSRJs71-AAAf,200,OK,9,213,2,Medium,false,
Processed,316,Sun Mar 30 21:28:41 IST 2025,GET,http://192.168.2.130:3000/socket.io/?EIO=4&transport=polling&t=PNdnj6S&sid=aWEtE6zxgSRJs71-AAAf,200,OK,822,229,1,Medium,false,
Processed,329,Sun Mar 30 21:28:47 IST 2025,GET,http://192.168.2.130:3000/socket.io/?EIO=4&transport=polling&t=PNdnkbK,200,OK,11,230,96,Low,false,
Processed,344,Sun Mar 30 21:28:48 IST 2025,POST,http://192.168.2.130:3000/socket.io/?EIO=4&transport=polling&t=PNdnko5&sid=C1iF0xgmZaLF3mnKAAAh,200,OK,13,213,2,Medium,false,
Processed,343,Sun Mar 30 21:28:48 IST 2025,GET,http://192.168.2.130:3000/socket.io/?EIO=4&transport=polling&t=PNdnkoW&sid=C1iF0xgmZaLF3mnKAAAh,200,OK,37,230,32,Medium,false,
Processed,361,Sun Mar 30 21:28:49 IST 2025,GET,http://192.168.2.130:3000/socket.io/?EIO=4&transport=polling&t=PNdnl7C&sid=C1iF0xgmZaLF3mnKAAAh,200,OK,324,229,1,Medium,false,
Processed,366,Sun Mar 30 21:28:50 IST 2025,GET,http://192.168.2.130:3000/socket.io/?EIO=4&transport=polling&t=PNdnlFN&sid=C1iF0xgmZaLF3mnKAAAh,200,OK,66,229,1,Medium,false,
Processed,382,Sun Mar 30 21:28:53 IST 2025,POST,http://192.168.2.130:3000/socket.io/?EIO=4&transport=polling&t=PNdnl-k&sid=wPOXHt1FHSfzWpdeAAAj,200,OK,39,213,2,Medium,false,
Processed,369,Sun Mar 30 21:28:52 IST 2025,GET,http://192.168.2.130:3000/socket.io/?EIO=4&transport=polling&t=PNdnlps,200,OK,9,230,96,Low,false,
Processed,383,Sun Mar 30 21:28:53 IST 2025,GET,http://192.168.2.130:3000/socket.io/?EIO=4&transport=polling&t=PNdnl-u&sid=wPOXHt1FHSfzWpdeAAAj,200,OK,23,230,32,Medium,false,
Processed,398,Sun Mar 30 21:28:54 IST 2025,GET,http://192.168.2.130:3000/socket.io/?EIO=4&transport=polling&t=PNdnmEW&sid=wPOXHt1FHSfzWpdeAAAj,200,OK,190,229,1,Medium,false,
Processed,399,Sun Mar 30 21:28:55 IST 2025,GET,http://192.168.2.130:3000/socket.io/?EIO=4&transport=polling&t=PNdnmTU&sid=wPOXHt1FHSfzWpdeAAAj,200,OK,56,229,1,Medium,false,
Processed,416,Sun Mar 30 21:29:06 IST 2025,GET,http://192.168.2.130:3000/socket.io/?EIO=4&transport=polling&t=PNdnp6N,200,OK,8,230,96,Low,false,
Processed,452,Sun Mar 30 21:29:08 IST 2025,GET,http://192.168.2.130:3000/socket.io/?EIO=4&transport=polling&t=PNdnpan&sid=uTXNo7f3HCmxxzNnAAAl,200,OK,218,229,1,Medium,false,
Processed,453,Sun Mar 30 21:29:08 IST 2025,GET,http://192.168.2.130:3000/socket.io/?EIO=4&transport=polling&t=PNdnpeI,200,OK,29,230,96,Low,false,
Processed,430,Sun Mar 30 21:29:06 IST 2025,POST,http://192.168.2.130:3000/socket.io/?EIO=4&transport=polling&t=PNdnpHu&sid=uTXNo7f3HCmxxzNnAAAl,200,OK,25,213,2,Medium,false,
Processed,431,Sun Mar 30 21:29:06 IST 2025,GET,http://192.168.2.130:3000/socket.io/?EIO=4&transport=polling&t=PNdnpID&sid=uTXNo7f3HCmxxzNnAAAl,200,OK,18,230,32,Medium,false,
Processed,466,Sun Mar 30 21:29:10 IST 2025,POST,http://192.168.2.130:3000/socket.io/?EIO=4&transport=polling&t=PNdnq4H&sid=LkJFOWRsOKUEmV2tAAAn,200,OK,12,213,2,Medium,false,
Processed,468,Sun Mar 30 21:29:10 IST 2025,GET,http://192.168.2.130:3000/socket.io/?EIO=4&transport=polling&t=PNdnq4I&sid=LkJFOWRsOKUEmV2tAAAn,200,OK,20,230,32,Medium,false,
Processed,482,Sun Mar 30 21:29:12 IST 2025,GET,http://192.168.2.130:3000/socket.io/?EIO=4&transport=polling&t=PNdnqYn&sid=LkJFOWRsOKUEmV2tAAAn,200,OK,149,229,1,Medium,false,
Processed,532,Sun Mar 30 21:29:22 IST 2025,GET,http://192.168.2.130:3000/socket.io/?EIO=4&transport=polling&t=PNdns_i,200,OK,4,230,96,Low,false,
Processed,494,Sun Mar 30 21:29:18 IST 2025,GET,http://192.168.2.130:3000/socket.io/?EIO=4&transport=polling&t=PNdns7n,200,OK,8,230,96,Low,false,
Processed,504,Sun Mar 30 21:29:19 IST 2025,POST,http://192.168.2.130:3000/socket.io/?EIO=4&transport=polling&t=PNdnsF_&sid=2O4lfH_X2dqBTKH-AAAp,200,OK,18,213,2,Medium,false,
Processed,507,Sun Mar 30 21:29:19 IST 2025,GET,http://192.168.2.130:3000/socket.io/?EIO=4&transport=polling&t=PNdnsG9&sid=2O4lfH_X2dqBTKH-AAAp,200,OK,17,230,32,Medium,false,
Processed,523,Sun Mar 30 21:29:19 IST 2025,GET,http://192.168.2.130:3000/socket.io/?EIO=4&transport=polling&t=PNdnsPe&sid=2O4lfH_X2dqBTKH-AAAp,200,OK,523,229,1,Medium,false,
Processed,525,Sun Mar 30 21:29:20 IST 2025,GET,http://192.168.2.130:3000/socket.io/?EIO=4&transport=polling&t=PNdnsZC&sid=2O4lfH_X2dqBTKH-AAAp,200,OK,94,229,1,Medium,false,
Processed,544,Sun Mar 30 21:29:22 IST 2025,POST,http://192.168.2.130:3000/socket.io/?EIO=4&transport=polling&t=PNdntAC&sid=U38ETJwMliRoGdhyAAAr,200,OK,22,213,2,Medium,false,
Processed,546,Sun Mar 30 21:29:22 IST 2025,GET,http://192.168.2.130:3000/socket.io/?EIO=4&transport=polling&t=PNdntAL&sid=U38ETJwMliRoGdhyAAAr,200,OK,24,230,32,Medium,false,
Processed,559,Sun Mar 30 21:29:23 IST 2025,GET,http://192.168.2.130:3000/socket.io/?EIO=4&transport=polling&t=PNdntHF&sid=U38ETJwMliRoGdhyAAAr,200,OK,137,229,1,Medium,false,
Processed,572,Sun Mar 30 21:29:25 IST 2025,GET,http://192.168.2.130:3000/socket.io/?EIO=4&transport=polling&t=PNdntpF,200,OK,8,230,96,Low,false,
Processed,588,Sun Mar 30 21:29:26 IST 2025,GET,http://192.168.2.130:3000/socket.io/?EIO=4&transport=polling&t=PNdnt-s,200,OK,47,230,96,Low,false,
Processed,581,Sun Mar 30 21:29:26 IST 2025,POST,http://192.168.2.130:3000/socket.io/?EIO=4&transport=polling&t=PNdntzq&sid=mlEBsBNjFnyyuzRtAAAt,200,OK,9,213,2,Medium,false,
Processed,582,Sun Mar 30 21:29:26 IST 2025,GET,http://192.168.2.130:3000/socket.io/?EIO=4&transport=polling&t=PNdntzs&sid=mlEBsBNjFnyyuzRtAAAt,200,OK,6,230,32,Medium,false,
Processed,602,Sun Mar 30 21:29:26 IST 2025,GET,http://192.168.2.130:3000/socket.io/?EIO=4&transport=polling&t=PNdnu50&sid=mlEBsBNjFnyyuzRtAAAt,200,OK,622,229,1,Medium,false,
Processed,610,Sun Mar 30 21:29:27 IST 2025,POST,http://192.168.2.130:3000/socket.io/?EIO=4&transport=polling&t=PNdnuEv&sid=r8UJDJ_MIfMlUdI1AAAv,200,OK,24,213,2,Medium,false,
Processed,611,Sun Mar 30 21:29:27 IST 2025,GET,http://192.168.2.130:3000/socket.io/?EIO=4&transport=polling&t=PNdnuEy&sid=r8UJDJ_MIfMlUdI1AAAv,200,OK,14,230,32,Medium,false,
Processed,617,Sun Mar 30 21:29:27 IST 2025,GET,http://192.168.2.130:3000/socket.io/?EIO=4&transport=polling&t=PNdnuME&sid=mlEBsBNjFnyyuzRtAAAt,200,OK,101,229,1,Medium,false,
Processed,630,Sun Mar 30 21:29:27 IST 2025,GET,http://192.168.2.130:3000/socket.io/?EIO=4&transport=polling&t=PNdnuMq&sid=r8UJDJ_MIfMlUdI1AAAv,200,OK,753,229,1,Medium,false,
Processed,506,Sun Mar 30 21:29:19 IST 2025,GET,http://192.168.2.130:3000/socket.io/?EIO=4&transport=websocket&sid=2O4lfH_X2dqBTKH-AAAp,101,Switching Protocols,8,129,0,Medium,false,
Processed,299,Sun Mar 30 21:28:41 IST 2025,GET,http://192.168.2.130:3000/socket.io/?EIO=4&transport=websocket&sid=aWEtE6zxgSRJs71-AAAf,101,Switching Protocols,116,129,0,Medium,false,
Processed,345,Sun Mar 30 21:28:48 IST 2025,GET,http://192.168.2.130:3000/socket.io/?EIO=4&transport=websocket&sid=C1iF0xgmZaLF3mnKAAAh,101,Switching Protocols,21,129,0,Medium,false,
Processed,256,Sun Mar 30 21:28:28 IST 2025,GET,http://192.168.2.130:3000/socket.io/?EIO=4&transport=websocket&sid=dQI7Ar0EEI2EmqXcAAAd,101,Switching Protocols,82,129,0,Medium,false,
Processed,213,Sun Mar 30 21:28:20 IST 2025,GET,http://192.168.2.130:3000/socket.io/?EIO=4&transport=websocket&sid=hf7h1ydO4sDhaZRUAAAb,101,Switching Protocols,23,129,0,Medium,false,
Processed,467,Sun Mar 30 21:29:10 IST 2025,GET,http://192.168.2.130:3000/socket.io/?EIO=4&transport=websocket&sid=LkJFOWRsOKUEmV2tAAAn,101,Switching Protocols,23,129,0,Medium,false,
Processed,584,Sun Mar 30 21:29:26 IST 2025,GET,http://192.168.2.130:3000/socket.io/?EIO=4&transport=websocket&sid=mlEBsBNjFnyyuzRtAAAt,101,Switching Protocols,16,129,0,Medium,false,
Processed,613,Sun Mar 30 21:29:27 IST 2025,GET,http://192.168.2.130:3000/socket.io/?EIO=4&transport=websocket&sid=r8UJDJ_MIfMlUdI1AAAv,101,Switching Protocols,59,129,0,Medium,false,
Processed,545,Sun Mar 30 21:29:22 IST 2025,GET,http://192.168.2.130:3000/socket.io/?EIO=4&transport=websocket&sid=U38ETJwMliRoGdhyAAAr,101,Switching Protocols,15,129,0,Medium,false,
Processed,432,Sun Mar 30 21:29:06 IST 2025,GET,http://192.168.2.130:3000/socket.io/?EIO=4&transport=websocket&sid=uTXNo7f3HCmxxzNnAAAl,101,Switching Protocols,4,129,0,Medium,false,
Processed,384,Sun Mar 30 21:28:53 IST 2025,GET,http://192.168.2.130:3000/socket.io/?EIO=4&transport=websocket&sid=wPOXHt1FHSfzWpdeAAAj,101,Switching Protocols,20,129,0,Medium,false,
Processed,192,Sun Mar 30 21:28:19 IST 2025,GET,http://192.168.2.130:3000/styles.css,200,OK,25,469,579145,Medium,false,Comment
Processed,242,Sun Mar 30 21:28:25 IST 2025,GET,http://192.168.2.130:3000/styles.css,304,Not Modified,19,393,0,Medium,false,
Processed,284,Sun Mar 30 21:28:39 IST 2025,GET,http://192.168.2.130:3000/styles.css,304,Not Modified,48,393,0,Medium,false,
Processed,327,Sun Mar 30 21:28:47 IST 2025,GET,http://192.168.2.130:3000/styles.css,200,OK,13,469,579145,Medium,false,Comment
Processed,367,Sun Mar 30 21:28:50 IST 2025,GET,http://192.168.2.130:3000/styles.css,304,Not Modified,24,393,0,Medium,false,
Processed,414,Sun Mar 30 21:29:05 IST 2025,GET,http://192.168.2.130:3000/styles.css,304,Not Modified,13,393,0,Medium,false,
Processed,437,Sun Mar 30 21:29:07 IST 2025,GET,http://192.168.2.130:3000/styles.css,304,Not Modified,9,393,0,Medium,false,
Processed,492,Sun Mar 30 21:29:17 IST 2025,GET,http://192.168.2.130:3000/styles.css,304,Not Modified,7,393,0,Medium,false,
Processed,530,Sun Mar 30 21:29:21 IST 2025,GET,http://192.168.2.130:3000/styles.css,304,Not Modified,5,393,0,Medium,false,
Processed,565,Sun Mar 30 21:29:24 IST 2025,GET,http://192.168.2.130:3000/styles.css,304,Not Modified,13,393,0,Medium,false,
Processed,571,Sun Mar 30 21:29:25 IST 2025,GET,http://192.168.2.130:3000/styles.css,304,Not Modified,5,393,0,Medium,false,
Processed,484,Sun Mar 30 21:29:15 IST 2025,GET,http://192.168.2.130:3000/tutorial.js,200,OK,17,481,36197,Medium,false,Script
Processed,181,Sun Mar 30 21:28:18 IST 2025,GET,http://192.168.2.130:3000/vendor.js,200,OK,138,485,1653829,Medium,false,Comment
Processed,239,Sun Mar 30 21:28:24 IST 2025,GET,http://192.168.2.130:3000/vendor.js,304,Not Modified,27,394,0,Medium,false,
Processed,283,Sun Mar 30 21:28:39 IST 2025,GET,http://192.168.2.130:3000/vendor.js,304,Not Modified,22,394,0,Medium,false,
Processed,322,Sun Mar 30 21:28:46 IST 2025,GET,http://192.168.2.130:3000/vendor.js,200,OK,57,485,1653829,Medium,false,Comment
Processed,363,Sun Mar 30 21:28:50 IST 2025,GET,http://192.168.2.130:3000/vendor.js,304,Not Modified,11,394,0,Medium,false,
Processed,411,Sun Mar 30 21:29:05 IST 2025,GET,http://192.168.2.130:3000/vendor.js,304,Not Modified,24,394,0,,false,
Processed,433,Sun Mar 30 21:29:07 IST 2025,GET,http://192.168.2.130:3000/vendor.js,304,Not Modified,8,394,0,Medium,false,
Processed,490,Sun Mar 30 21:29:17 IST 2025,GET,http://192.168.2.130:3000/vendor.js,304,Not Modified,19,394,0,Medium,false,
Processed,529,Sun Mar 30 21:29:20 IST 2025,GET,http://192.168.2.130:3000/vendor.js,304,Not Modified,24,394,0,Medium,false,
Processed,562,Sun Mar 30 21:29:24 IST 2025,GET,http://192.168.2.130:3000/vendor.js,304,Not Modified,9,394,0,Medium,false,
Processed,569,Sun Mar 30 21:29:25 IST 2025,GET,http://192.168.2.130:3000/vendor.js,304,Not Modified,9,394,0,Medium,false,
Processed,182,Sun Mar 30 21:28:18 IST 2025,GET,http://cdnjs.cloudflare.com/ajax/libs/cookieconsent2/3.1.0/cookieconsent.min.css,200,OK,502,903,4064,Medium,false,
Processed,324,Sun Mar 30 21:28:46 IST 2025,GET,http://cdnjs.cloudflare.com/ajax/libs/cookieconsent2/3.1.0/cookieconsent.min.css,200,OK,312,899,4064,Medium,false,
Processed,188,Sun Mar 30 21:28:18 IST 2025,GET,http://cdnjs.cloudflare.com/ajax/libs/cookieconsent2/3.1.0/cookieconsent.min.js,200,OK,660,910,20808,Medium,false,Comment
Processed,325,Sun Mar 30 21:28:46 IST 2025,GET,http://cdnjs.cloudflare.com/ajax/libs/cookieconsent2/3.1.0/cookieconsent.min.js,200,OK,658,920,20808,Medium,false,Comment
Processed,189,Sun Mar 30 21:28:18 IST 2025,GET,http://cdnjs.cloudflare.com/ajax/libs/jquery/2.2.4/jquery.min.js,200,OK,1364,906,85578,Medium,false,"Script, Comment"
Processed,326,Sun Mar 30 21:28:46 IST 2025,GET,http://cdnjs.cloudflare.com/ajax/libs/jquery/2.2.4/jquery.min.js,200,OK,917,916,85578,Medium,false,"Script, Comment"
Out of Scope,317,Sun Mar 30 21:28:44 IST 2025,GET,https://firefox.settings.services.mozilla.com/v1/buckets/monitor/collections/changes/changeset?_expected=0,403,Forbidden,0,130,40,,false,
Out of Scope,406,Sun Mar 30 21:29:01 IST 2025,GET,https://firefox.settings.services.mozilla.com/v1/buckets/monitor/collections/changes/changeset?_expected=0,403,Forbidden,0,130,40,,false,
Out of Scope,174,Sun Mar 30 21:28:14 IST 2025,GET,https://firefox.settings.services.mozilla.com/v1/buckets/monitor/collections/changes/changeset?collection=fingerprinting-protection-overrides&bucket=main&_expected=0,403,Forbidden,0,130,40,,false,
Out of Scope,275,Sun Mar 30 21:28:34 IST 2025,GET,https://firefox.settings.services.mozilla.com/v1/buckets/monitor/collections/changes/changeset?collection=fingerprinting-protection-overrides&bucket=main&_expected=0,403,Forbidden,0,130,40,,false,
Out of Scope,179,Sun Mar 30 21:28:18 IST 2025,GET,https://firefox.settings.services.mozilla.com/v1/buckets/monitor/collections/changes/changeset?collection=partitioning-exempt-urls&bucket=main&_expected=0,403,Forbidden,0,130,40,,false,
Out of Scope,319,Sun Mar 30 21:28:46 IST 2025,GET,https://firefox.settings.services.mozilla.com/v1/buckets/monitor/collections/changes/changeset?collection=partitioning-exempt-urls&bucket=main&_expected=0,403,Forbidden,0,130,40,,false,
Out of Scope,173,Sun Mar 30 21:28:14 IST 2025,GET,https://firefox.settings.services.mozilla.com/v1/buckets/monitor/collections/changes/changeset?collection=query-stripping&bucket=main&_expected=0,403,Forbidden,0,130,40,,false,
Out of Scope,276,Sun Mar 30 21:28:34 IST 2025,GET,https://firefox.settings.services.mozilla.com/v1/buckets/monitor/collections/changes/changeset?collection=query-stripping&bucket=main&_expected=0,403,Forbidden,0,130,40,,false,
Out of Scope,175,Sun Mar 30 21:28:15 IST 2025,GET,https://firefox.settings.services.mozilla.com/v1/buckets/monitor/collections/changes/changeset?collection=tracking-protection-lists&bucket=main&_expected=0,403,Forbidden,0,130,40,,false,
Out of Scope,285,Sun Mar 30 21:28:40 IST 2025,GET,https://firefox.settings.services.mozilla.com/v1/buckets/monitor/collections/changes/changeset?collection=tracking-protection-lists&bucket=main&_expected=0,403,Forbidden,0,130,40,,false,
Out of Scope,401,Sun Mar 30 21:28:58 IST 2025,GET,https://owasp.org/,403,Forbidden,0,130,40,,false,
Out of Scope,407,Sun Mar 30 21:29:02 IST 2025,GET,https://owasp.org/,403,Forbidden,0,130,40,,false,
Out of Scope,402,Sun Mar 30 21:28:59 IST 2025,GET,https://owasp.org/favicon.ico,403,Forbidden,0,130,40,,false,
Out of Scope,400,Sun Mar 30 21:28:58 IST 2025,GET,https://owasp-juice.shop/,403,Forbidden,0,130,40,,false,
Out of Scope,483,Sun Mar 30 21:29:13 IST 2025,GET,https://owasp-juice.shop/,403,Forbidden,0,130,40,,false,
Out of Scope,403,Sun Mar 30 21:28:59 IST 2025,GET,https://owasp-juice.shop/favicon.ico,403,Forbidden,0,130,40,,false,
Out of Scope,278,Sun Mar 30 21:28:37 IST 2025,GET,https://www.youtube.com/favicon.ico,403,Forbidden,0,130,40,,false,
Out of Scope,405,Sun Mar 30 21:29:01 IST 2025,GET,https://www.youtube.com/favicon.ico,403,Forbidden,0,130,40,,false,
Out of Scope,274,Sun Mar 30 21:28:32 IST 2025,GET,https://www.youtube.com/watch?v=9PnbKL3wuH4,403,Forbidden,0,130,40,,false,
Out of Scope,277,Sun Mar 30 21:28:36 IST 2025,GET,https://www.youtube.com/watch?v=9PnbKL3wuH4,403,Forbidden,0,130,40,,false,
Out of Scope,404,Sun Mar 30 21:29:00 IST 2025,GET,https://www.youtube.com/watch?v=9PnbKL3wuH4,403,Forbidden,0,130,40,,false,
Out of Scope,408,Sun Mar 30 21:29:03 IST 2025,GET,https://www.youtube.com/watch?v=9PnbKL3wuH4,403,Forbidden,0,130,40,,false,
